# Blender 3.6.5
# www.blender.org
mtllib untitled.mtl
o c473a149123a437c8980ff855b744b86
v 1.335398 -1.854550 -2.522675
v 0.909234 -1.854550 -3.265838
v 0.899464 -1.081058 -2.602910
v 1.325628 -1.081058 -1.891602
v 1.345888 -2.782741 -3.257398
v 0.919723 -2.782742 -4.035174
v 1.349164 1.547633 -1.645372
v 0.922999 1.547443 -2.552522
v 0.901289 2.143315 -3.316119
v 1.327454 2.148716 -2.243259
v 1.325270 -0.307566 -1.438211
v 0.899106 -0.307566 -2.146115
v 0.909932 0.311228 -2.028216
v 1.336096 0.311229 -1.288869
v -1.300531 -5.567315 -4.961402
v -0.874367 -5.567314 -5.654531
v -0.835594 -6.951253 -6.128056
v -1.261758 -6.952025 -5.528677
v -1.338062 -4.639124 -4.439610
v -0.911897 -4.639124 -5.213523
v -1.349343 -3.710933 -3.883994
v -0.923179 -3.710933 -4.679071
v -1.344618 -2.782742 -3.257400
v -0.918454 -2.782741 -4.035178
v 1.321510 2.786404 -3.099413
v 1.321822 2.711616 -2.995791
v 0.895657 2.690140 -4.288358
v 0.895346 2.786404 -4.350110
v 1.261176 2.786405 3.493886
v 1.261176 2.711617 3.474766
v 1.322299 2.596874 -2.836812
v 0.896135 2.564658 -4.126230
v 0.923405 0.929793 -2.144815
v 1.349570 0.929825 -1.341659
v -1.347896 1.547632 -1.645375
v -0.921731 1.547443 -2.552524
v -0.922138 0.929793 -2.144816
v -1.348302 0.929825 -1.341660
v -1.324002 -0.307566 -1.438213
v -0.897838 -0.307567 -2.146117
v -0.898195 -1.081058 -2.602912
v -1.324360 -1.081059 -1.891603
v 1.277637 -8.937936 -5.674559
v 0.851472 -8.933313 -6.294893
v 0.852504 -7.862752 -6.248669
v 1.278669 -7.865063 -5.626741
v 0.836863 -6.951254 -6.128054
v 1.263028 -6.952025 -5.528673
v -0.907965 -1.854550 -3.265839
v -1.334129 -1.854550 -2.522676
v 0.875636 -5.567315 -5.654529
v 1.301800 -5.567314 -4.961398
v 0.913167 -4.639124 -5.213521
v 1.339331 -4.639123 -4.439609
v 0.924448 -3.710933 -4.679069
v 1.350613 -3.710932 -3.883992
v -1.326186 2.148716 -2.243262
v -0.900022 2.143315 -3.316121
v -1.334828 0.311228 -1.288871
v -0.908664 0.311228 -2.028218
v 1.261177 2.596874 3.445429
v -1.320242 2.786404 -3.099414
v -1.320554 2.711616 -2.995793
v -1.259909 2.711617 3.474765
v -1.259909 2.786405 3.493886
v -0.894078 2.786404 -4.350112
v -0.894390 2.690139 -4.288360
v -0.894867 2.564658 -4.126233
v -1.321031 2.596873 -2.836814
v -1.259909 2.596874 3.445428
v -1.366449 -8.174191 -1.760110
v -1.277399 -7.865063 -5.626745
v -1.366448 -8.654033 -3.260448
v 1.261178 -7.997763 -1.209612
v 1.367719 -8.174191 -1.760108
v 1.261178 -7.448174 -1.386651
v -0.851235 -7.862752 -6.248671
v -0.850203 -8.933315 -6.294895
v -1.276367 -8.937937 -5.674560
v 1.234990 -1.854550 1.395064
v 0.924096 -1.854550 1.764165
v 0.940898 -6.349259 -0.795870
v 1.260193 -6.353506 -1.250825
v 0.306915 -1.854550 2.118373
v 0.306916 -6.345184 -0.359275
v -1.233722 -1.854550 1.395064
v -0.922827 -1.854550 1.764164
v -0.940286 2.596874 4.037297
v -0.301963 -1.854550 2.118372
v -0.301963 2.596875 4.605282
v 0.941554 2.596874 4.037297
v 0.306915 2.596875 4.605283
v -1.259908 -7.997762 -1.209614
v -0.940285 -7.838151 -0.709192
v -0.940285 -7.359858 -0.931285
v -1.259908 -7.448175 -1.386652
v -0.301962 -7.686944 -0.233809
v -0.301962 -7.278359 -0.498107
v -0.301962 -6.822416 -0.532393
v -0.940285 -6.838716 -0.973449
v -1.259908 -6.855700 -1.433048
v -0.870456 -8.289261 -0.732340
v -1.160332 -8.438412 -1.202930
v -0.879556 -8.460217 -1.271722
v -0.716648 -8.413982 -1.125848
v -0.934875 -9.082856 -3.241416
v -1.257002 -8.608806 -1.740541
v -1.257119 -9.085779 -3.246744
v -1.257185 -9.306690 -4.089184
v -0.935371 -9.305904 -4.095346
v -0.939629 -6.349259 -0.795871
v -1.258924 -6.353507 -1.250826
v -0.301962 -6.345184 -0.359275
v 1.261178 -6.855700 -1.433046
v 0.941555 -6.838716 -0.973448
v 0.941555 -7.359857 -0.931284
v 0.306916 -6.822416 -0.532393
v 0.306916 -7.278359 -0.498108
v 0.306916 -7.686944 -0.233809
v 0.941555 -7.838150 -0.709191
v 0.369612 -2.782741 -4.379898
v 0.369612 -1.854551 -3.595219
v 0.369612 -1.081058 -2.918172
v 0.369611 1.547359 -2.954583
v 0.369611 2.137932 -3.800694
v 0.369612 -0.307566 -2.459868
v 0.369611 0.311228 -2.355906
v -0.364182 -4.639123 -5.556533
v -0.364182 -5.567314 -5.961738
v -0.364182 -6.950911 -6.393709
v -0.364182 -2.782741 -4.379898
v -0.364182 -3.710931 -5.031461
v 0.369611 2.532443 -4.752131
v 0.369611 0.929779 -2.500788
v -0.364183 1.547358 -2.954584
v -0.364183 0.929779 -2.500788
v -0.364183 -0.307566 -2.459869
v -0.364183 -1.081059 -2.918174
v 0.369613 -8.931266 -6.569838
v 0.369613 -7.861727 -6.524316
v 0.369613 -6.950911 -6.393706
v -0.364183 -1.854550 -3.595221
v 0.369613 -5.567314 -5.961734
v 0.369613 -4.639123 -5.556531
v 0.369612 -3.710933 -5.031459
v -0.364183 2.137932 -3.800696
v -0.364183 0.311227 -2.355906
v -0.571704 2.674032 -4.745229
v -0.571626 2.786404 -4.765857
v -0.364183 2.532443 -4.752133
v -0.364182 -7.861726 -6.524319
v -0.364182 -8.931267 -6.569840
v -1.356136 -9.053519 -3.250592
v -1.366448 -8.874220 -4.097040
v -1.356136 -9.273707 -4.090405
v 0.934243 -8.233280 -0.664580
v 0.304351 -8.076168 -0.169647
v 1.251616 -8.397128 -1.180861
v 1.357408 -9.344268 -4.748959
v 1.367719 -8.944771 -4.757209
v 1.367719 -8.874217 -4.097039
v 1.357407 -9.273708 -4.090402
v -0.842088 -9.332877 -6.269219
v -0.361957 -9.330846 -6.540420
v 1.265945 -9.337461 -5.657452
v 0.843358 -9.332877 -6.269215
v -1.356136 -8.574452 -1.739833
v -1.250345 -8.397129 -1.180861
v 1.357407 -8.574453 -1.739832
v 1.357407 -9.053519 -3.250589
v 1.367719 -8.654031 -3.260448
v -1.264674 -9.337461 -5.657454
v -1.356136 -9.344268 -4.748961
v -1.366448 -8.944774 -4.757211
v -0.932972 -8.233281 -0.664580
v -0.299427 -8.076168 -0.169646
v 0.367337 -9.330846 -6.540417
v 0.793675 -9.366640 -6.197187
v 0.353247 -9.364883 -6.431037
v 1.176209 -9.370838 -5.637087
v 1.257483 -9.377509 -4.746328
v 1.257198 -9.306692 -4.089179
v 1.257304 -9.085781 -3.246743
v 1.257921 -8.608811 -1.740559
v 1.161494 -8.438421 -1.202956
v 0.871579 -8.289265 -0.732359
v 0.288721 -8.150727 -0.295263
v -0.284310 -8.150729 -0.295262
v -1.257284 -9.377507 -4.746332
v -1.175421 -9.370836 -5.637075
v -0.792688 -9.366638 -6.197176
v -0.348699 -9.364883 -6.431039
v 0.574011 2.674032 -4.745226
v 0.573934 2.786404 -4.765854
v 0.889192 -9.370625 -5.667105
v 0.813853 -9.368755 -5.918130
v 0.674664 -9.368115 -6.002489
v 0.358688 -9.368090 -6.003513
v 0.714734 -8.414003 -1.125919
v 0.878561 -8.460249 -1.271829
v -0.364183 2.668663 -4.897519
v 0.369611 2.668663 -4.897516
v 0.369611 2.786404 -4.904437
v -0.364183 2.786404 -4.904439
v -0.815574 -9.368755 -5.918054
v -0.891855 -9.370625 -5.667052
v -0.676904 -9.368115 -6.002438
v -0.361622 -9.368090 -6.003515
v -0.936100 -9.377396 -4.761092
v 0.928954 -9.377396 -4.761089
v 0.926793 -9.305904 -4.095345
v 0.927618 -9.082856 -3.241415
v -0.873117 -9.240059 -4.086683
v -0.872653 -9.019880 -3.248529
v -0.822968 -8.415884 -1.342134
v 0.759398 -9.300139 -5.849288
v 0.628083 -9.299259 -5.927761
v 0.344532 -9.300067 -5.931850
v -0.676104 -8.371741 -1.202761
v 0.673420 -8.371740 -1.202761
v 0.820867 -8.415880 -1.342131
v -0.347775 -9.300066 -5.931850
v -0.630506 -9.299258 -5.927764
v -0.761315 -9.300136 -5.849279
v -0.832765 -9.302769 -5.613830
v -0.873777 -9.310582 -4.739597
v 0.866796 -9.310590 -4.739641
v 0.830005 -9.302776 -5.613863
v 0.864757 -9.240061 -4.086697
v 0.865563 -9.019876 -3.248518
v -0.665143 -8.427784 -1.411085
v 0.663421 -8.427779 -1.411086
v -0.711993 -8.461931 -1.522149
v -0.728280 -8.995981 -3.234201
v -0.728742 -9.215816 -4.072946
v -0.729391 -9.285301 -4.719952
v -0.699302 -9.260490 -5.508175
v -0.651371 -9.246153 -5.685988
v -0.569243 -9.241372 -5.745260
v 0.566459 -9.241371 -5.745258
v 0.696122 -9.260593 -5.508718
v 0.648897 -9.246178 -5.686123
v 0.722366 -9.285427 -4.720620
v 0.720398 -9.215863 -4.073195
v 0.721241 -8.995942 -3.234033
v 0.709849 -8.461911 -1.522076
v -0.664942 -7.941073 -4.706667
v -0.639493 -7.932676 -4.755548
v 0.570763 -7.929875 -4.771842
v -0.573597 -7.929878 -4.771842
v 0.637123 -7.932650 -4.755691
v 0.662327 -7.940972 -4.707238
v 0.706266 -8.454236 -2.095575
v 0.666251 -8.453400 -1.949497
v -0.668880 -8.453358 -1.949752
v -0.709705 -8.454207 -2.095834
v -0.628977 -3.629031 -3.962290
v -0.665372 -4.107851 -1.200183
v 0.626456 -3.628987 -3.962526
v 0.662490 -4.107899 -1.199895
v -0.668901 -8.413342 -1.982568
v 0.666120 -8.413388 -1.982278
v -1.120906 1.417001 3.787672
v -1.129978 1.410176 3.839209
v -1.178327 1.451196 3.815527
v -1.157089 1.446172 3.754155
v -1.403085 1.994886 11.651035
v -1.455237 2.075893 11.656311
v -1.442308 1.842906 3.589379
v -1.418044 1.840042 3.526479
v -1.794923 4.458713 3.866184
v -1.781742 4.520080 3.804494
v -1.811725 4.383995 3.810251
v -1.536412 5.672732 3.138364
v -1.561752 5.672714 3.067741
v -1.744125 4.843416 -3.953534
v -1.781434 4.647813 -3.992642
v -1.811726 4.376763 2.136856
v -1.561729 5.672261 1.396697
v -1.701366 5.038868 -3.989334
v -1.520721 5.738458 1.358849
v -1.440159 5.760523 1.346231
v -1.440159 5.760523 -4.316269
v -1.440160 5.760523 -6.567535
v -1.520721 5.738451 -6.573779
v -1.520721 5.738451 -4.315509
v -1.573579 2.755635 2.971057
v -1.602358 2.836237 3.016433
v -1.567252 2.776554 2.848368
v -1.602361 2.836889 -4.500084
v -1.808580 4.370806 -4.272681
v -1.810655 4.333076 -4.469362
v -1.492079 2.178427 14.351917
v -1.322687 1.967713 11.646825
v -1.414714 2.155071 14.340267
v -1.787511 4.442478 3.984893
v -1.505225 5.721285 -6.653464
v -1.536388 5.672236 -6.693756
v -1.561728 5.672236 -6.592521
v -1.781743 4.511529 -7.029654
v -1.806107 4.511529 -6.921036
v -1.567250 2.776554 -5.867868
v -1.549657 2.792197 -5.957977
v -1.490063 2.776554 -5.976026
v -1.487072 2.756443 -5.855033
v -1.809726 4.448362 -6.921448
v -1.785773 4.448388 -7.030334
v -1.786920 4.376482 -6.998374
v -1.811725 4.376384 -6.889422
v -1.505236 5.721505 3.091868
v -1.520728 5.738571 3.029691
v -1.561728 5.672236 -4.313230
v -1.665569 5.203234 -4.100306
v -1.800879 4.482997 -4.106400
v -1.576530 2.836890 -6.014560
v -1.602361 2.836890 -5.906375
v -1.718396 3.690038 2.528947
v -1.475849 2.200088 14.418912
v -1.501975 2.252759 14.465464
v -1.526071 2.248492 14.386868
v -1.514273 2.349112 14.515156
v -1.538997 2.346756 14.435928
v -1.787412 4.438707 15.494514
v -1.768665 4.420719 15.556563
v -1.715736 4.438707 15.591043
v -1.717249 4.461835 15.506492
v -1.811324 4.369323 15.458570
v -1.786293 4.369323 15.554643
v -1.731507 3.672026 13.967251
v -1.523387 2.237418 11.638847
v -1.487072 2.756442 2.859877
v -1.068201 1.404953 3.777978
v -1.059805 1.396503 3.847103
v -1.445217 5.738576 3.100306
v -1.440158 5.760522 3.017006
v -1.445210 5.738451 -6.674644
v -1.460365 5.672236 -6.727503
v -1.094773 1.444497 3.733698
v -1.346231 1.839087 3.505512
v -1.713914 4.448462 -7.066631
v -1.712506 4.376780 -7.034691
v -1.715100 4.476425 3.881011
v -1.708651 4.520191 3.827571
v -1.484383 2.735210 2.958510
v -1.717248 4.461835 3.973923
v -1.787525 4.439832 12.056358
v -1.717249 4.461835 12.053579
v -1.708652 4.511529 -7.065857
v -1.460389 5.672739 3.161873
v -1.711199 4.369323 15.586666
v -1.439172 2.349897 14.541564
v -1.499040 2.836890 -6.050623
v -1.418671 2.183446 14.429871
v 1.061805 1.396503 3.847104
v 1.324685 1.967714 11.646826
v -1.552960 2.671464 3.045876
v -1.491268 2.015712 3.489613
v -1.466499 2.013700 3.426096
v -1.476318 2.671515 3.024129
v -1.477539 1.912585 3.549151
v -1.452887 1.910151 3.485952
v -1.379813 1.909338 3.464886
v -1.392941 2.013029 3.404924
v 1.420668 2.183446 14.429873
v 1.429474 2.254184 14.491663
v -1.427477 2.254183 14.491662
v -1.811777 4.373824 12.059113
v -1.766342 3.925155 13.892681
v -1.811713 4.371850 13.514225
v -1.799658 4.176797 13.445217
v -1.791369 4.114206 13.706330
v -1.791115 4.112536 13.184395
v -1.765644 3.921024 12.998927
v -1.730560 3.666631 12.925302
v -1.664274 3.224598 13.186110
v -1.693176 3.413725 13.000013
v -1.652158 3.442057 13.850043
v -1.684276 3.671867 13.916607
v -1.251760 3.671757 13.887068
v -1.249626 3.456548 13.824866
v -1.713975 3.900349 13.848900
v -1.735319 4.071037 13.680500
v -1.255467 4.045690 13.665648
v -1.253882 3.885786 13.823507
v -1.742369 4.127467 13.444983
v -1.735077 4.069355 13.209806
v -1.255452 4.044045 13.224608
v -1.255992 4.098523 13.444959
v -1.713392 3.896426 13.042420
v -1.683502 3.666725 12.976009
v -1.251710 3.666813 13.005568
v -1.253845 3.882021 13.067770
v -1.651596 3.438298 13.043752
v -1.626927 3.267591 13.212087
v -1.248003 3.292880 13.226990
v -1.249589 3.452784 13.069130
v -1.627143 3.269068 13.682549
v -1.248020 3.294524 13.668028
v -1.247479 3.240047 13.447679
v -1.618755 3.211047 13.447457
v -1.693790 3.417202 13.893019
v -1.664423 3.225452 13.707108
v -1.654637 3.161545 13.446640
v -1.787508 4.439339 13.513601
v -1.717249 4.461835 13.512628
v -1.807117 4.369982 -4.665410
v -1.741696 4.841467 -4.976570
v -1.797978 4.481696 -4.829788
v -1.777939 4.646198 -4.940757
v -1.639968 5.313854 -4.657434
v -1.632389 5.351582 -4.460749
v -1.641117 5.314732 -4.264697
v -1.631109 5.305130 -4.461145
v -1.637129 5.270845 -4.639811
v -1.381346 5.245031 -4.629249
v -1.381346 5.277248 -4.461377
v -1.778937 4.380091 -4.468974
v -1.776725 4.414376 -4.290308
v -1.381347 4.440377 -4.300868
v -1.381347 4.408160 -4.468740
v -1.720873 4.843683 -4.000388
v -1.686491 5.021168 -4.032910
v -1.381346 5.010480 -4.059018
v -1.381346 4.843742 -4.028464
v -1.638144 5.271679 -4.283051
v -1.381346 5.245827 -4.294044
v -1.381346 5.150707 -4.153735
v -1.657761 5.170430 -4.133719
v -1.751464 4.666044 -4.035916
v -1.381346 4.676852 -4.061844
v -1.381346 4.536169 -4.158942
v -1.768825 4.516318 -4.139256
v -1.717974 4.841594 -4.929728
v -1.747373 4.664155 -4.897202
v -1.381347 4.674927 -4.871100
v -1.381347 4.841666 -4.901657
v -1.685165 5.019174 -4.894205
v -1.381347 5.008556 -4.868276
v -1.381346 5.149239 -4.771176
v -1.656683 5.168892 -4.790863
v -1.775293 4.413555 -4.647066
v -1.381347 4.439580 -4.636073
v -1.381347 4.534701 -4.776382
v -1.765625 4.514859 -4.796396
v -1.700211 5.036830 -4.937477
v -1.664438 5.201615 -4.823718
v 1.719248 4.461836 3.973924
v 1.717099 4.476425 3.881012
v 0.001000 5.760523 -6.639191
v 0.001000 5.738452 -6.746355
v 0.001001 4.511529 -7.140287
v 0.001001 4.448547 -7.141108
v 0.001001 2.836890 -6.122828
v 0.001001 2.776555 -6.048139
v 1.441168 2.349897 14.541565
v 1.713196 4.369323 15.586666
v -1.730672 3.784636 4.143905
v -1.740532 4.592371 2.498402
v -1.388927 4.586203 2.513462
v -1.388927 4.722918 2.607821
v -1.713192 4.733644 2.597075
v -1.773186 4.423975 2.463679
v -1.388927 4.424019 2.481021
v -1.388927 4.261983 2.510715
v -1.765411 4.256084 2.496420
v -1.388927 4.125712 2.602762
v -1.746359 4.116312 2.593278
v -1.733472 4.022065 2.734378
v -1.388926 4.033276 2.739113
v -1.388926 4.002741 2.901727
v -1.729161 3.991054 2.901628
v -1.388926 4.034050 3.064864
v -1.733388 4.022895 3.069394
v -1.388925 4.127140 3.202787
v -1.746200 4.117819 3.212029
v -1.765192 4.258008 3.311172
v -1.388925 4.263855 3.297145
v -1.388925 4.426037 3.329587
v -1.773534 4.426002 3.346808
v -1.388925 4.588072 3.299891
v -1.740849 4.594265 3.315018
v -1.388925 4.724343 3.207846
v -1.713434 4.735084 3.218745
v -1.694861 4.830152 3.077180
v -1.388927 4.816782 3.071496
v -1.388926 4.847315 2.908883
v -1.688637 4.861484 2.909000
v -1.388927 4.816009 2.745745
v -1.694724 4.829399 2.740266
v -1.770700 4.606531 2.463820
v -1.805989 4.423828 2.426540
v -1.797589 4.241869 2.462161
v -1.763074 3.987947 2.719935
v -1.758406 3.954039 2.901319
v -1.721144 4.863821 2.726193
v -1.741115 4.760025 2.570668
v -1.777011 4.090194 2.566945
v -1.762982 3.988595 3.083365
v -1.776850 4.091554 3.238191
v -1.797374 4.243845 3.345430
v -1.806366 4.426018 3.383934
v -1.771039 4.608476 3.349583
v -1.741395 4.761309 3.245324
v -1.721317 4.864385 3.091733
v -1.714565 4.898596 2.909317
v 0.001001 2.756443 -5.855031
v 0.001001 5.672236 -6.799380
v 1.096774 1.444497 3.733698
v 1.070200 1.404953 3.777979
v 0.001001 4.377122 -7.109146
v 1.416710 2.155072 14.340267
v 1.719246 4.461835 13.512629
v 1.719247 4.461835 12.053579
v 1.719246 4.461835 15.506493
v 1.122906 1.417001 3.787672
v 1.159089 1.446172 3.754156
v 1.180327 1.451196 3.815527
v 1.131978 1.410177 3.839209
v 1.457234 2.075894 11.656312
v 1.405083 1.994886 11.651035
v 1.420043 1.840042 3.526479
v 1.444308 1.842906 3.589380
v 1.796923 4.458713 3.866185
v 1.813724 4.383995 3.810252
v 1.783742 4.520081 3.804494
v 1.563751 5.672714 3.067742
v 1.538411 5.672732 3.138366
v 1.746126 4.843417 -3.953532
v 1.563728 5.672261 1.396697
v 1.813725 4.376764 2.136857
v 1.783435 4.647814 -3.992642
v 1.703367 5.038869 -3.989333
v 1.522722 5.738452 -4.315508
v 1.522723 5.738452 -6.573779
v 1.442160 5.760524 -6.567534
v 1.442160 5.760524 -4.316268
v 1.522722 5.738458 1.358849
v 1.442158 5.760523 1.346231
v 1.575580 2.755636 2.971058
v 1.569251 2.776555 2.848368
v 1.604358 2.836239 3.016434
v 1.604362 2.836890 -4.500083
v 1.812656 4.333077 -4.469360
v 1.810581 4.370807 -4.272681
v 1.494076 2.178427 14.351917
v 1.789510 4.442478 3.984893
v 1.563730 5.672237 -6.592521
v 1.538388 5.672237 -6.693756
v 1.507226 5.721285 -6.653462
v 1.808109 4.511530 -6.921036
v 1.783745 4.511530 -7.029652
v 1.569253 2.776555 -5.867867
v 1.489073 2.756443 -5.855031
v 1.492064 2.776555 -5.976026
v 1.551658 2.792197 -5.957976
v 1.811728 4.448362 -6.921448
v 1.813727 4.376385 -6.889422
v 1.788923 4.376483 -6.998374
v 1.787775 4.448389 -7.030334
v 1.522726 5.738571 3.029691
v 1.507235 5.721506 3.091869
v 1.563729 5.672237 -4.313230
v 1.667570 5.203235 -4.100306
v 1.802880 4.482998 -4.106400
v 1.604362 2.836890 -5.906374
v 1.578532 2.836890 -6.014560
v 1.720395 3.690038 2.528948
v 1.528067 2.248492 14.386868
v 1.503972 2.252760 14.465464
v 1.477846 2.200088 14.418912
v 1.540993 2.346756 14.435928
v 1.516270 2.349113 14.515158
v 1.789407 4.438707 15.494515
v 1.717733 4.438707 15.591044
v 1.770662 4.420720 15.556563
v 1.788289 4.369323 15.554643
v 1.813320 4.369323 15.458570
v 1.733504 3.672028 13.967251
v 1.525385 2.237418 11.638849
v 1.489071 2.756443 2.859878
v 1.442157 5.760523 3.017006
v 1.447215 5.738577 3.100306
v 1.462366 5.672237 -6.727501
v 1.447212 5.738452 -6.674642
v 1.348230 1.839087 3.505513
v 1.714508 4.376780 -7.034689
v 1.715916 4.448462 -7.066629
v 1.710651 4.520191 3.827572
v 1.486383 2.735210 2.958511
v 1.789522 4.439833 12.056358
v 1.710654 4.511530 -7.065857
v 1.462388 5.672740 3.161874
v 1.501042 2.836890 -6.050623
v 1.554960 2.671466 3.045876
v 1.493267 2.015712 3.489613
v 1.468499 2.013700 3.426096
v 1.478318 2.671515 3.024130
v 1.479538 1.912585 3.549152
v 1.454887 1.910151 3.485953
v 1.381812 1.909340 3.464887
v 1.394942 2.013029 3.404924
v 1.813774 4.373825 12.059114
v 1.768339 3.925155 13.892683
v 1.813710 4.371850 13.514225
v 1.793366 4.114206 13.706331
v 1.801655 4.176798 13.445217
v 1.793111 4.112536 13.184397
v 1.767641 3.921025 12.998928
v 1.732558 3.666632 12.925303
v 1.695174 3.413725 13.000014
v 1.666271 3.224598 13.186110
v 1.654154 3.442059 13.850044
v 1.251623 3.456549 13.824867
v 1.253757 3.671757 13.887069
v 1.686272 3.671867 13.916607
v 1.715972 3.900349 13.848902
v 1.255879 3.885787 13.823509
v 1.257464 4.045690 13.665648
v 1.737316 4.071037 13.680500
v 1.744366 4.127467 13.444984
v 1.257988 4.098523 13.444959
v 1.257449 4.044045 13.224609
v 1.737073 4.069355 13.209807
v 1.715389 3.896426 13.042421
v 1.255842 3.882021 13.067770
v 1.253708 3.666813 13.005569
v 1.685499 3.666725 12.976011
v 1.653593 3.438299 13.043752
v 1.251586 3.452784 13.069132
v 1.250000 3.292881 13.226991
v 1.628925 3.267591 13.212087
v 1.629140 3.269069 13.682549
v 1.620752 3.211047 13.447458
v 1.249476 3.240048 13.447680
v 1.250016 3.294524 13.668028
v 1.695787 3.417203 13.893020
v 1.666420 3.225452 13.707109
v 1.656635 3.161546 13.446640
v 1.789505 4.439340 13.513603
v 1.809118 4.369983 -4.665408
v 1.743698 4.841468 -4.976569
v 1.779940 4.646199 -4.940755
v 1.799980 4.481697 -4.829788
v 1.641969 5.313855 -4.657433
v 1.643117 5.314733 -4.264697
v 1.634389 5.351583 -4.460749
v 1.633109 5.305130 -4.461143
v 1.383347 5.277248 -4.461375
v 1.383347 5.245032 -4.629249
v 1.639131 5.270846 -4.639811
v 1.780938 4.380092 -4.468973
v 1.383348 4.408160 -4.468738
v 1.383348 4.440378 -4.300867
v 1.778726 4.414377 -4.290308
v 1.722874 4.843684 -4.000388
v 1.383347 4.843743 -4.028462
v 1.383347 5.010480 -4.059018
v 1.688492 5.021168 -4.032908
v 1.640145 5.271680 -4.283051
v 1.659761 5.170430 -4.133718
v 1.383347 5.150707 -4.153735
v 1.383347 5.245828 -4.294044
v 1.753465 4.666044 -4.035916
v 1.770826 4.516318 -4.139255
v 1.383347 4.536169 -4.158942
v 1.383347 4.676852 -4.061844
v 1.719975 4.841595 -4.929728
v 1.383348 4.841666 -4.901657
v 1.383348 4.674927 -4.871100
v 1.749375 4.664156 -4.897202
v 1.687166 5.019175 -4.894205
v 1.658684 5.168892 -4.790863
v 1.383347 5.149239 -4.771176
v 1.383348 5.008557 -4.868274
v 1.777294 4.413556 -4.647064
v 1.767627 4.514860 -4.796396
v 1.383348 4.534701 -4.776382
v 1.383348 4.439580 -4.636072
v 1.702211 5.036831 -4.937476
v 1.666439 5.201615 -4.823718
v 1.732671 3.784636 4.143906
v 1.742532 4.592371 2.498402
v 1.715190 4.733644 2.597076
v 1.390926 4.722919 2.607821
v 1.390926 4.586204 2.513463
v 1.390926 4.424019 2.481021
v 1.775185 4.423975 2.463681
v 1.390925 4.261984 2.510715
v 1.767410 4.256085 2.496421
v 1.390925 4.125712 2.602763
v 1.748358 4.116313 2.593279
v 1.390925 4.033276 2.739115
v 1.735472 4.022066 2.734378
v 1.390925 4.002741 2.901728
v 1.731161 3.991055 2.901629
v 1.390925 4.034050 3.064864
v 1.735387 4.022896 3.069395
v 1.390925 4.127141 3.202787
v 1.748199 4.117819 3.212030
v 1.767192 4.258008 3.311172
v 1.390925 4.263855 3.297146
v 1.390924 4.426037 3.329587
v 1.775533 4.426003 3.346809
v 1.390924 4.588072 3.299892
v 1.742849 4.594265 3.315019
v 1.390924 4.724345 3.207847
v 1.715433 4.735084 3.218746
v 1.696860 4.830153 3.077180
v 1.390927 4.816782 3.071496
v 1.390925 4.847317 2.908884
v 1.690636 4.861484 2.909000
v 1.390927 4.816009 2.745746
v 1.696722 4.829399 2.740266
v 1.772700 4.606532 2.463820
v 1.807989 4.423828 2.426541
v 1.799589 4.241870 2.462162
v 1.760406 3.954040 2.901320
v 1.765073 3.987947 2.719936
v 1.743114 4.760025 2.570669
v 1.723143 4.863821 2.726194
v 1.779011 4.090194 2.566946
v 1.764982 3.988595 3.083366
v 1.778850 4.091554 3.238192
v 1.799373 4.243845 3.345431
v 1.808365 4.426019 3.383934
v 1.773039 4.608477 3.349584
v 1.743394 4.761310 3.245325
v 1.723316 4.864385 3.091733
v 1.716563 4.898598 2.909317
v -1.344101 5.061159 25.322781
v -1.344102 4.849494 25.441984
v -1.106856 4.863712 25.443449
v -1.106856 5.046940 25.337212
v -1.078252 5.227668 25.232428
v -1.021977 5.400989 25.131933
v -1.245581 5.471522 25.091679
v -1.310989 5.270217 25.205046
v -0.939861 5.562281 25.038420
v -1.149487 5.660119 24.985466
v -0.834522 5.707392 24.954287
v -1.025074 5.831358 24.889027
v -0.709231 5.832806 24.881578
v -0.875404 5.981030 24.804737
v -0.567689 5.935754 24.821892
v -0.704163 6.105443 24.734673
v -0.413778 6.014271 24.776375
v -0.515567 6.201537 24.680552
v -0.251317 6.067129 24.745731
v -0.314262 6.266944 24.643719
v -0.083890 6.092713 24.730900
v -0.105201 6.299086 24.625618
v 0.085154 6.092713 24.730900
v 0.106464 6.299086 24.625618
v 0.252577 6.067128 24.745731
v 0.315522 6.266945 24.643719
v 0.415038 6.014271 24.776375
v 0.516828 6.201537 24.680557
v 0.568949 5.935754 24.821894
v 0.705423 6.105443 24.734673
v 0.710491 5.832806 24.881578
v 0.876664 5.981030 24.804741
v 0.835783 5.707391 24.954287
v 1.026333 5.831358 24.889030
v 0.941121 5.562279 25.038420
v 1.150747 5.660118 24.985466
v 1.023238 5.400989 25.131935
v 1.246841 5.471522 25.091677
v 1.079511 5.227667 25.232428
v 1.312250 5.270217 25.205046
v 1.108116 5.046939 25.337214
v 1.345361 5.061157 25.322783
v 1.108116 4.863709 25.443451
v 1.345361 4.849493 25.441984
v 1.079511 4.682982 25.548239
v 1.312249 4.640432 25.559721
v 1.023237 4.509661 25.648731
v 1.246840 4.439127 25.673092
v 0.941120 4.348371 25.742247
v 1.150746 4.250533 25.779303
v 0.835782 4.203259 25.826378
v 1.026332 4.079291 25.875738
v 0.710490 4.077846 25.899088
v 0.876662 3.929621 25.960028
v 0.568947 3.974896 25.958775
v 0.705421 3.805207 26.030092
v 0.415037 3.896379 26.004292
v 0.516826 3.709114 26.084209
v 0.252575 3.843522 26.034935
v 0.315520 3.643706 26.121046
v 0.085153 3.817937 26.049767
v 0.106463 3.611564 26.139147
v -0.083892 3.817937 26.049767
v -0.105203 3.611564 26.139147
v -0.251318 3.843523 26.034933
v -0.314264 3.643706 26.121044
v -0.413780 3.896380 26.004292
v -0.515570 3.709115 26.084209
v -0.567690 3.974898 25.958771
v -0.704165 3.805209 26.030092
v -0.709232 4.077847 25.899088
v -0.875406 3.929623 25.960026
v -0.834524 4.203261 25.826378
v -1.025075 4.079293 25.875738
v -0.939861 4.348373 25.742247
v -1.149489 4.250535 25.779299
v -1.021979 4.509665 25.648729
v -1.245583 4.439130 25.673088
v -1.078252 4.682985 25.548237
v -1.310990 4.640437 25.559719
v -1.310983 5.529571 2.769013
v -1.310982 5.270214 3.440297
v -1.245575 5.471519 3.326928
v -1.245574 5.990232 2.320629
v -1.149480 5.660114 3.220716
v -1.149480 6.178826 2.215729
v -1.025066 5.831356 3.124279
v -1.025066 6.350067 2.120480
v -0.875397 5.981026 3.039990
v -0.875397 6.499736 2.037230
v -0.704156 6.105440 2.969924
v -0.704156 6.624149 1.968028
v -0.515561 6.201533 2.915808
v -0.515561 6.720243 1.914579
v -0.314255 6.266941 2.878972
v -0.314255 6.785652 1.878198
v -0.105198 6.299083 2.860868
v -0.105198 6.817792 1.860318
v 0.106467 6.299083 2.860868
v 0.106468 6.817792 1.860318
v 0.315529 6.266942 2.878972
v 0.315529 6.785652 1.878199
v 0.516835 6.201533 2.915808
v 0.516835 6.720243 1.914579
v 0.705430 6.105439 2.969924
v 0.705430 6.624149 1.968029
v 0.876671 5.981025 3.039991
v 0.876671 6.499735 2.037230
v 1.026341 5.831356 3.124280
v 1.026341 6.350067 2.120480
v 1.150754 5.660113 3.220717
v 1.150754 6.178825 2.215729
v 1.246848 5.471519 3.326929
v 1.246848 5.990232 2.320629
v 1.312256 5.270214 3.440298
v 1.312256 5.529570 2.769014
v -1.245574 6.004879 2.213341
v -1.245574 6.005261 -5.231326
v -1.310981 5.537123 -5.838992
v -1.149480 6.193472 2.112370
v -1.149478 6.193702 -4.971173
v -1.025066 6.364712 2.020690
v -1.025065 6.364802 -4.734959
v -0.875397 6.514380 1.940560
v -0.875395 6.514351 -4.528500
v -0.704156 6.638793 1.873951
v -0.704154 6.638664 -4.356880
v -0.515561 6.734886 1.822505
v -0.515560 6.734681 -4.224327
v -0.314255 6.800292 1.787488
v -0.314253 6.800036 -4.134098
v -0.105198 6.832434 1.770278
v -0.105197 6.832156 -4.089761
v 0.106468 6.832434 1.770278
v 0.106469 6.832156 -4.089760
v 0.315529 6.800292 1.787488
v 0.315531 6.800034 -4.134098
v 0.516835 6.734886 1.822505
v 0.516837 6.734679 -4.224327
v 0.705430 6.638793 1.873951
v 0.705431 6.638665 -4.356881
v 0.876671 6.514380 1.940561
v 0.876672 6.514351 -4.528502
v 1.026341 6.364712 2.020690
v 1.026342 6.364802 -4.734959
v 1.150754 6.193471 2.112370
v 1.150756 6.193702 -4.971173
v 1.246848 6.004879 2.213341
v 1.246850 6.005261 -5.231326
v 1.312258 5.537123 -5.838992
v -1.081619 4.955326 22.870598
v -1.026054 4.603773 22.870598
v -0.866549 4.289981 22.870600
v -0.623242 4.045950 22.870598
v -0.324427 3.893127 22.870598
v 0.000631 3.842392 22.870600
v 0.325685 3.893127 22.870598
v 0.624500 4.045949 22.870598
v 0.867808 4.289979 22.870600
v 1.027314 4.603770 22.870600
v 1.082880 4.955325 22.870600
v 1.027315 5.306878 22.870600
v 0.867809 5.620669 22.870600
v 0.624502 5.864701 22.870598
v 0.325686 6.017523 22.870598
v 0.000632 6.068258 22.870598
v -0.324426 6.017523 22.870598
v -0.623241 5.864701 22.870598
v -0.866548 5.620671 22.870600
v -1.026053 5.306878 22.870598
v -1.170691 5.991460 -5.370303
v -1.233949 5.530047 -5.990527
v -1.078449 6.171943 -5.112521
v -0.958759 6.336467 -4.877567
v -0.815695 6.479342 -4.673485
v -0.653377 6.597116 -4.505203
v -0.476370 6.687187 -4.376460
v -0.289335 6.747880 -4.289673
v -0.096626 6.777401 -4.247453
v 0.097897 6.777401 -4.247453
v 0.290612 6.747879 -4.289674
v 0.477647 6.687186 -4.376461
v 0.654654 6.597117 -4.505204
v 0.816972 6.479342 -4.673485
v 0.960035 6.336467 -4.877567
v 1.079726 6.171943 -5.112523
v 1.171968 5.991460 -5.370303
v 1.235225 5.530047 -5.990529
v -1.344096 5.061155 7.270632
v -1.310983 5.270214 7.149976
v -1.344096 4.849491 7.392791
v -1.245576 5.471520 7.033793
v -1.149481 5.660115 6.924950
v -1.025067 5.831356 6.826119
v -0.875398 5.981027 6.739739
v -0.704157 6.105440 6.667935
v -0.515562 6.201534 6.612476
v -0.314256 6.266942 6.574728
v -0.105198 6.299083 6.556176
v 0.106467 6.299083 6.556176
v 0.315528 6.266942 6.574728
v 0.516834 6.201534 6.612476
v 0.705429 6.105440 6.667935
v 0.876669 5.981026 6.739739
v 1.026340 5.831356 6.826119
v 1.150753 5.660114 6.924950
v 1.246847 5.471519 7.033794
v 1.312255 5.270214 7.149977
v 1.345366 5.061154 7.270634
v 1.345366 4.849489 7.392793
v 1.312254 4.640430 7.513449
v 1.246846 4.439124 7.629630
v 1.150752 4.250529 7.738475
v 1.026338 4.079288 7.837305
v 0.876667 3.929618 7.923685
v 0.705427 3.805204 7.995488
v 0.516831 3.709111 8.050948
v 0.315526 3.643703 8.088696
v 0.106466 3.611561 8.107246
v -0.105199 3.611562 8.107246
v -0.314258 3.643703 8.088696
v -0.515564 3.709112 8.050947
v -0.704159 3.805206 7.995487
v -0.875400 3.929621 7.923684
v -1.025069 4.079290 7.837303
v -1.149484 4.250532 7.738473
v -1.245576 4.439127 7.629628
v -1.310985 4.640433 7.513446
v 0.243555 3.120425 14.901999
v 0.271514 3.172688 14.928522
v 0.271513 3.297110 24.204811
v 0.243554 3.254406 24.177219
v 0.372542 7.317779 -3.141916
v 0.372541 6.720075 -2.101785
v 0.372542 6.720075 -4.216894
v 0.372542 7.317689 -3.390376
v 0.243554 3.297818 24.257565
v 0.271513 3.671912 24.438005
v 0.243554 3.671912 24.493450
v 0.221808 3.266022 24.223392
v 0.159678 3.298053 24.275148
v 0.159678 3.255160 24.229843
v 0.353245 7.358924 -3.372113
v 0.353330 7.357674 -3.162602
v 0.146883 7.366323 -3.103920
v 0.146883 6.720075 -1.981194
v 0.315665 6.720075 -1.981194
v 0.315666 7.366323 -3.103920
v 0.146884 7.382098 -3.377721
v 0.146883 7.380942 -3.158053
v 0.315666 7.380942 -3.158053
v 0.315666 7.382097 -3.377721
v 0.109285 7.343114 -3.108422
v 0.090008 7.317779 -3.141916
v 0.090008 6.720075 -2.101787
v 0.112630 6.720075 -2.017968
v 0.090009 7.317688 -3.390374
v 0.109220 7.357674 -3.162602
v 0.109305 7.358924 -3.372112
v 0.090009 6.720075 -4.216892
v 0.159678 3.240172 24.168024
v -0.157623 3.298053 24.275148
v -0.157623 3.255160 24.229843
v -0.157623 3.240172 24.168024
v 0.159678 3.671912 24.511934
v -0.157623 3.671912 24.511934
v -0.241498 3.120425 14.901997
v -0.241499 3.254406 24.177219
v -0.269458 3.297110 24.204811
v -0.269456 3.172688 14.928520
v -0.370480 7.317780 -3.141916
v -0.370480 7.317690 -3.390377
v -0.370480 6.720075 -4.216896
v -0.370480 6.720075 -2.101785
v -0.246900 6.986997 23.502838
v -0.246900 6.911618 23.342060
v -0.352766 6.911618 23.342060
v -0.352766 6.986997 23.502838
v -0.246900 6.769961 23.234985
v -0.352766 6.769961 23.234985
v -0.246900 6.593031 23.219875
v -0.352766 6.593032 23.219875
v -0.246900 6.429471 23.289017
v -0.352765 6.429471 23.289017
v -0.246900 6.327920 23.434685
v -0.352765 6.327920 23.434685
v -0.246900 6.306016 23.610905
v -0.352766 6.306016 23.610905
v -0.246900 6.381395 23.771683
v -0.352766 6.381395 23.771683
v -0.246901 6.523053 23.878761
v -0.352767 6.523053 23.878761
v -0.246902 6.699982 23.893873
v -0.352767 6.699983 23.893873
v -0.246901 6.863543 23.824732
v -0.352767 6.863543 23.824732
v -0.246900 6.965094 23.679058
v -0.352766 6.965094 23.679058
v -0.241499 3.297818 24.257565
v -0.241499 3.671912 24.493450
v -0.269458 3.671912 24.438004
v -0.219753 3.266022 24.223392
v -0.351268 7.357674 -3.162602
v -0.351183 7.358924 -3.372114
v -0.313604 6.720075 -1.981194
v -0.144822 6.720075 -1.981194
v -0.144822 7.366323 -3.103920
v -0.313604 7.366324 -3.103920
v -0.144822 7.382098 -3.377722
v -0.313604 7.382098 -3.377722
v -0.313604 7.380943 -3.158053
v -0.144822 7.380942 -3.158053
v -0.107224 7.343114 -3.108422
v -0.110569 6.720075 -2.017968
v -0.087947 6.720075 -2.101787
v -0.087947 7.317779 -3.141916
v -0.087947 7.317688 -3.390375
v -0.107244 7.358924 -3.372113
v -0.107158 7.357674 -3.162602
v -0.087947 6.720075 -4.216892
v -0.232176 6.248721 21.253551
v 0.190938 6.896466 24.139359
v 0.190941 7.259425 23.586935
v -0.189102 7.259423 23.586941
v -0.189100 6.896462 24.139359
v 0.195091 6.248721 21.173405
v -0.193253 6.248721 21.173418
v -0.190372 6.844403 22.595142
v 0.192210 6.844406 22.595140
v 0.315666 7.365258 -3.430222
v 0.353159 7.342163 -3.424655
v 0.350413 6.720075 -4.289521
v 0.315667 6.720075 -4.322605
v -0.351203 7.343114 -3.108422
v -0.347858 6.720075 -2.017967
v -0.144822 7.365258 -3.430222
v -0.107330 7.342164 -3.424655
v -0.110076 6.720075 -4.289520
v -0.144823 6.720075 -4.322605
v 0.353264 7.343114 -3.108422
v 0.146884 7.365258 -3.430222
v 0.109392 7.342164 -3.424654
v -0.351097 7.342164 -3.424656
v -0.313604 7.365258 -3.430222
v -0.233127 6.824566 22.656013
v -0.231952 7.198275 23.581432
v -0.231952 6.858465 24.098196
v -0.231952 6.248720 24.427769
v -0.189389 6.248720 24.487522
v 0.248738 6.986998 23.502838
v 0.354603 6.986998 23.502838
v 0.354603 6.911619 23.342058
v 0.248738 6.911619 23.342058
v 0.354604 6.769963 23.234982
v 0.248738 6.769963 23.234982
v 0.354603 6.593035 23.219875
v 0.248738 6.593035 23.219875
v 0.354603 6.429475 23.289017
v 0.248738 6.429475 23.289017
v 0.354603 6.327923 23.434685
v 0.248738 6.327923 23.434685
v 0.354603 6.306018 23.610905
v 0.248738 6.306018 23.610905
v 0.354604 6.381399 23.771683
v 0.248739 6.381399 23.771683
v 0.354605 6.523057 23.878761
v 0.248740 6.523057 23.878761
v 0.354605 6.699986 23.893871
v 0.248740 6.699985 23.893871
v 0.354605 6.863545 23.824730
v 0.248740 6.863545 23.824730
v 0.354605 6.965095 23.679054
v 0.248739 6.965095 23.679054
v 0.234015 6.248721 21.253540
v 0.233790 7.198277 23.581429
v 0.234965 6.824569 22.656012
v 0.233790 6.858468 24.098192
v 0.191227 6.248721 24.487526
v 0.233790 6.248721 24.427769
v 0.159678 3.105994 14.892609
v -0.157623 3.105994 14.892606
v 0.349919 6.720075 -2.017967
v 0.146884 6.720075 -4.322605
v 0.112138 6.720075 -4.289518
v -0.348351 6.720075 -4.289521
v -0.313604 6.720075 -4.322605
v 0.271514 3.671912 15.186863
v -0.269456 3.671912 15.186861
v -1.731546 4.236107 4.562531
v -1.731116 4.240002 4.880137
v -1.468840 6.608215 3.512847
v -1.484178 6.469715 3.272957
v -1.322605 6.463531 3.690374
v -1.320275 6.487142 3.996596
v -1.308941 6.602032 3.930264
v -1.730432 4.246181 5.384409
v -1.730000 4.250073 5.702016
v -1.470209 6.595848 4.347682
v -1.485548 6.457346 4.107791
v -1.323824 6.451162 4.525208
v -1.321495 6.474772 4.831430
v -1.310161 6.589664 4.765100
v -1.729317 4.256255 6.206286
v -1.728885 4.260148 6.523893
v -1.471579 6.583478 5.182516
v -1.486918 6.444978 4.942626
v -1.325044 6.438796 5.360043
v -1.322716 6.462406 5.666265
v -1.311382 6.577295 5.599934
v -1.488287 6.432611 5.777460
v -1.728200 4.266328 7.028165
v -1.727769 4.270221 7.345771
v -1.472950 6.571112 6.017350
v -1.538866 4.271365 7.439103
v -1.538481 4.275258 7.756710
v -1.312602 6.564929 6.434768
v -1.326265 6.426427 6.194877
v -1.434959 6.643463 3.492498
v -1.288227 6.504961 3.252607
v -1.449984 6.504961 3.252607
v -1.578352 4.230367 4.518849
v -1.696739 4.230367 4.518849
v -1.456015 6.449365 3.237710
v -1.354418 6.449365 3.237710
v -1.577336 4.240439 5.340728
v -1.695648 4.240439 5.340728
v -1.457357 6.436996 4.072545
v -1.355667 6.436996 4.072545
v -1.436301 6.631094 4.327332
v -1.289419 6.492593 4.087441
v -1.451326 6.492593 4.087441
v -1.576320 4.250513 6.162606
v -1.694554 4.250513 6.162606
v -1.458699 6.424629 4.907379
v -1.356915 6.424629 4.907379
v -1.437644 6.618727 5.162167
v -1.290611 6.480226 4.922276
v -1.452668 6.480226 4.922276
v -1.575303 4.260587 6.984483
v -1.693462 4.260586 6.984483
v -1.460041 6.412261 5.742212
v -1.358163 6.412261 5.742212
v -1.438985 6.606359 5.997001
v -1.291803 6.467858 5.757110
v -1.454010 6.467858 5.757110
v -1.319055 6.499508 3.161764
v -1.326589 6.423144 2.776637
v -1.542971 4.229742 4.043000
v -1.542456 4.234964 4.469199
v -1.347928 6.513675 3.614428
v -1.436575 6.628565 3.548096
v -1.696194 4.235404 4.929789
v -1.577844 4.235404 4.929789
v -1.349177 6.501307 4.449262
v -1.437917 6.616198 4.382928
v -1.695100 4.245477 5.751667
v -1.576828 4.245477 5.751667
v -1.350424 6.488939 5.284096
v -1.439260 6.603829 5.217763
v -1.694008 4.255550 6.573544
v -1.575812 4.255550 6.573544
v -1.351673 6.476572 6.118930
v -1.440601 6.591462 6.052598
v -1.692915 4.265623 7.395422
v -1.574795 4.265623 7.395422
v -1.298074 6.402794 2.741390
v -1.508080 4.224000 3.999319
v -1.286790 6.519858 3.197011
v -1.292715 6.458393 2.756287
v -1.274802 6.644248 3.078197
v -1.308254 6.609001 3.098547
v -1.276237 6.629351 3.133796
v -1.288823 6.498777 3.670024
v -1.541847 4.241146 4.973470
v -1.276910 6.622382 3.965513
v -1.275473 6.637279 3.909914
v -1.287983 6.507492 4.031845
v -1.541462 4.245038 5.291077
v -1.290015 6.486410 4.504858
v -1.540853 4.251217 5.795348
v -1.278101 6.610013 4.800346
v -1.276666 6.624909 4.744750
v -1.289176 6.495122 4.866679
v -1.540469 4.255111 6.112955
v -1.291206 6.474041 5.339693
v -1.539859 4.261292 6.617226
v -1.279293 6.597646 5.635180
v -1.277858 6.612544 5.579583
v -1.290367 6.482756 5.701512
v -1.539474 4.265184 6.934832
v -1.292400 6.461675 6.174526
v -1.280486 6.585279 6.470015
v -1.279050 6.600175 6.414417
v -1.503583 4.270660 7.806361
v 1.350443 6.501307 4.449263
v 1.439184 6.616199 4.382929
v 1.349195 6.513676 3.614428
v 1.437842 6.628565 3.548096
v 1.276068 6.644248 3.078198
v 1.293982 6.458393 2.756287
v 1.436226 6.643463 3.492498
v 1.289494 6.504961 3.252607
v 1.276740 6.637280 3.909915
v 1.290089 6.498778 3.670024
v 1.437568 6.631095 4.327332
v 1.290685 6.492595 4.087441
v 1.277932 6.624910 4.744750
v 1.291282 6.486411 4.504859
v 1.438910 6.618727 5.162167
v 1.291878 6.480226 4.922276
v 1.440251 6.606360 5.997002
v 1.293070 6.467858 5.757111
v 1.504850 4.270660 7.806361
v 1.281752 6.585279 6.470016
v 1.291634 6.482756 5.701512
v 1.288058 6.519858 3.197011
v 1.280316 6.600175 6.414417
v 1.732814 4.236108 4.562531
v 1.485445 6.469716 3.272957
v 1.470107 6.608216 3.512848
v 1.732383 4.240002 4.880138
v 1.323872 6.463531 3.690374
v 1.310208 6.602033 3.930265
v 1.321542 6.487142 3.996597
v 1.731699 4.246181 5.384410
v 1.486815 6.457346 4.107791
v 1.471476 6.595848 4.347682
v 1.731267 4.250074 5.702016
v 1.325091 6.451162 4.525209
v 1.311428 6.589664 4.765100
v 1.322762 6.474772 4.831431
v 1.730583 4.256256 6.206288
v 1.488184 6.444979 4.942626
v 1.472846 6.583479 5.182517
v 1.730152 4.260149 6.523894
v 1.326311 6.438796 5.360043
v 1.312648 6.577297 5.599934
v 1.323982 6.462406 5.666265
v 1.489554 6.432611 5.777461
v 1.474215 6.571113 6.017352
v 1.729036 4.270221 7.345771
v 1.729467 4.266328 7.028165
v 1.540132 4.271366 7.439104
v 1.327531 6.426428 6.194878
v 1.313868 6.564929 6.434769
v 1.539747 4.275258 7.756710
v 1.451251 6.504961 3.252607
v 1.579620 4.230367 4.518850
v 1.355685 6.449365 3.237710
v 1.457283 6.449365 3.237710
v 1.698007 4.230367 4.518850
v 1.578603 4.240439 5.340729
v 1.356933 6.436997 4.072545
v 1.458624 6.436997 4.072545
v 1.696915 4.240439 5.340729
v 1.452593 6.492595 4.087441
v 1.577587 4.250514 6.162606
v 1.358181 6.424629 4.907380
v 1.459966 6.424629 4.907380
v 1.695821 4.250514 6.162606
v 1.453934 6.480226 4.922276
v 1.576570 4.260587 6.984484
v 1.359429 6.412261 5.742212
v 1.461308 6.412261 5.742212
v 1.694729 4.260587 6.984484
v 1.455276 6.467858 5.757111
v 1.320323 6.499509 3.161764
v 1.543723 4.234964 4.469200
v 1.544239 4.229742 4.043000
v 1.327856 6.423145 2.776637
v 1.579111 4.235404 4.929790
v 1.697461 4.235404 4.929790
v 1.578095 4.245477 5.751667
v 1.696368 4.245477 5.751667
v 1.351691 6.488941 5.284096
v 1.577078 4.255550 6.573545
v 1.695275 4.255551 6.573545
v 1.440526 6.603829 5.217765
v 1.352939 6.476573 6.118931
v 1.576061 4.265624 7.395422
v 1.694182 4.265624 7.395422
v 1.441867 6.591463 6.052598
v 1.509347 4.224000 3.999319
v 1.299341 6.402794 2.741390
v 1.277504 6.629352 3.133796
v 1.309521 6.609001 3.098548
v 1.543114 4.241146 4.973471
v 1.278176 6.622383 3.965513
v 1.289250 6.507492 4.031845
v 1.542729 4.245039 5.291078
v 1.542120 4.251218 5.795349
v 1.279368 6.610013 4.800346
v 1.290442 6.495122 4.866679
v 1.541736 4.255112 6.112956
v 1.292473 6.474042 5.339693
v 1.541126 4.261292 6.617226
v 1.279124 6.612545 5.579583
v 1.280560 6.597647 5.635180
v 1.540742 4.265185 6.934833
v 1.293665 6.461675 6.174527
v -0.442389 1.252085 4.382667
v -0.442389 0.690149 4.322798
v -0.327310 0.690223 4.442689
v -0.327310 1.252157 4.502673
v -0.442388 1.570241 3.905925
v -0.442389 0.050789 4.365111
v -0.327310 0.050864 4.486557
v -0.442389 -0.492057 4.490382
v -0.327310 -0.491978 4.614511
v -0.442388 -0.817141 2.570817
v -0.442388 -0.811738 4.604577
v -0.327310 -0.811658 4.730902
v -0.327310 1.571836 4.578088
v -0.105798 1.252156 4.590777
v -0.105798 1.571836 4.666192
v 0.107068 1.252156 4.590777
v 0.107068 1.571836 4.666192
v -0.105798 0.050865 4.574660
v -0.105798 0.690223 4.530793
v -0.105798 -0.908254 4.812611
v -0.327309 -0.908253 4.725832
v -0.327309 -0.913891 2.516711
v -0.264262 -0.913954 2.516675
v -0.105798 -0.811658 4.819005
v -0.105798 -0.491978 4.702614
v -0.413619 -0.884124 4.652129
v -0.442389 1.571765 4.457396
v -0.413618 -0.889670 2.530256
v 0.107067 0.690223 4.530793
v 0.107068 0.050864 4.574660
v 0.107068 -0.811658 4.819005
v 0.107068 -0.491978 4.702614
v 0.107068 -0.908254 4.812611
v 0.443658 1.252085 4.382667
v 0.328579 1.252157 4.502674
v 0.328579 0.690223 4.442689
v 0.443658 0.690149 4.322798
v 0.328579 0.050864 4.486557
v 0.443658 0.050789 4.365111
v 0.443658 -0.492057 4.490382
v 0.328579 -0.491978 4.614511
v 0.328579 -0.811658 4.730903
v 0.443658 -0.811738 4.604577
v 0.443658 -0.817140 2.570817
v 0.443657 1.570242 3.905925
v 0.443657 1.571765 4.457396
v 0.328579 1.571836 4.578088
v 0.414888 -0.884124 4.652129
v 0.328579 -0.908254 4.725832
v 0.328579 -0.913891 2.516711
v 0.414888 -0.889670 2.530256
v 0.265532 -0.913954 2.516675
v -0.800103 -9.371368 -5.575163
v -0.733937 -9.369603 -5.803677
v 0.731945 -9.369605 -5.803674
v 0.797332 -9.371368 -5.575161
v 0.832561 -9.376019 -4.719458
v -0.839397 -9.376019 -4.719460
v -0.838793 -9.305370 -4.077841
v 0.830622 -9.305371 -4.077839
v 0.831410 -9.088817 -3.255014
v 0.788771 -8.497233 -1.389031
v -0.790922 -8.497234 -1.389031
v -0.838356 -9.088816 -3.255016
v -0.872917 -9.367576 -4.734930
v -0.831749 -9.361466 -5.609132
v -0.761998 -9.359677 -5.846017
v -0.636561 -9.359079 -5.924979
v -0.615406 -9.369016 -5.879848
v 0.634105 -9.359081 -5.924978
v 0.612849 -9.369018 -5.879846
v -0.821721 -8.474060 -1.346590
v -0.871812 -9.077674 -3.250143
v -0.650731 -8.454081 -1.252952
v -0.673626 -8.429778 -1.207003
v -0.872270 -9.296965 -4.084556
v 0.829007 -9.361465 -5.609130
v 0.760086 -9.359676 -5.846017
v 0.865973 -9.367576 -4.734926
v 0.863958 -9.296966 -4.084555
v 0.864758 -9.077675 -3.250141
v 0.819626 -8.474060 -1.346590
v 0.670939 -8.429777 -1.207003
v 0.647985 -8.454080 -1.252952
v -0.636561 -9.301449 -5.924979
v 0.634105 -9.301449 -5.924978
v 0.819626 -8.416431 -1.346590
v 0.670939 -8.372147 -1.207003
v -0.821720 -8.416431 -1.346590
v -0.871812 -9.020044 -3.250143
v -0.872270 -9.239335 -4.084556
v -0.872917 -9.309946 -4.734930
v -0.831749 -9.303834 -5.609132
v 0.865974 -9.309946 -4.734926
v 0.863958 -9.239333 -4.084553
v 0.829008 -9.303833 -5.609130
v -0.673625 -8.372149 -1.207003
v 0.760087 -9.302045 -5.846017
v -0.761997 -9.302046 -5.846017
v 0.864758 -9.020043 -3.250141
v -0.790922 -8.420278 -1.389031
v 0.788772 -8.420276 -1.389032
v 0.831410 -9.011859 -3.255014
v -0.838356 -9.011860 -3.255016
v 0.731945 -9.292646 -5.803675
v -0.733936 -9.292648 -5.803677
v -0.800102 -9.294412 -5.575163
v 0.797332 -9.294408 -5.575161
v 0.830622 -9.228414 -4.077839
v 0.832562 -9.299064 -4.719458
v -0.839397 -9.299066 -4.719460
v -0.838793 -9.228415 -4.077844
v 0.612849 -9.292058 -5.879847
v -0.615406 -9.292059 -5.879848
v -0.650730 -8.377125 -1.252952
v 0.647986 -8.377122 -1.252952
vn 0.9511 0.2033 -0.2325
vn 0.6302 0.5033 -0.5912
vn 0.6448 0.4475 -0.6197
vn 0.9598 0.1585 -0.2316
vn 0.9550 0.1862 -0.2309
vn 0.6531 0.4609 -0.6009
vn 0.9782 -0.1025 -0.1807
vn 0.6911 -0.4896 -0.5318
vn 0.6507 -0.6382 -0.4115
vn 0.9744 -0.1562 -0.1618
vn 0.9712 0.0716 -0.2272
vn 0.6973 0.2502 -0.6717
vn 0.7298 -0.0134 -0.6835
vn 0.9763 -0.0075 -0.2161
vn -0.9547 0.1027 -0.2793
vn -0.6803 0.2593 -0.6856
vn -0.6550 0.1755 -0.7349
vn -0.9422 0.0873 -0.3235
vn -0.9628 0.1151 -0.2445
vn -0.6918 0.3199 -0.6474
vn -0.9619 0.1468 -0.2306
vn -0.6781 0.3902 -0.6228
vn -0.9564 0.1816 -0.2286
vn -0.6509 0.4615 -0.6028
vn 0.9235 -0.3077 -0.2292
vn 0.9711 -0.1921 -0.1415
vn 0.8035 -0.4215 -0.4203
vn 0.8370 -0.2792 -0.4707
vn 1.0000 -0.0022 0.0094
vn 1.0000 -0.0023 0.0095
vn 0.9735 -0.1803 -0.1407
vn 0.7272 -0.5786 -0.3694
vn 0.7274 -0.2682 -0.6316
vn 0.9784 -0.0656 -0.1959
vn -0.9745 -0.1136 -0.1934
vn -0.7015 -0.4755 -0.5309
vn -0.7327 -0.2595 -0.6291
vn -0.9761 -0.0680 -0.2064
vn -0.9703 0.0755 -0.2300
vn -0.6960 0.2548 -0.6713
vn -0.6404 0.4526 -0.6206
vn -0.9602 0.1587 -0.2300
vn 0.9372 -0.0143 -0.3485
vn 0.6739 -0.0148 -0.7387
vn 0.6735 0.0700 -0.7359
vn 0.9482 0.0468 -0.3143
vn 0.6569 0.1658 -0.7355
vn 0.9443 0.0748 -0.3206
vn -0.6263 0.5062 -0.5929
vn -0.9528 0.1986 -0.2295
vn 0.6760 0.2633 -0.6882
vn 0.9582 0.0944 -0.2700
vn 0.6866 0.3285 -0.6486
vn 0.9641 0.1146 -0.2396
vn 0.6773 0.3934 -0.6217
vn 0.9615 0.1497 -0.2306
vn -0.9683 -0.1817 -0.1713
vn -0.6347 -0.6581 -0.4051
vn -0.9747 -0.0048 -0.2235
vn -0.7320 -0.0088 -0.6812
vn 0.9742 -0.1014 0.2016
vn -0.9235 -0.3077 -0.2292
vn -0.9716 -0.1904 -0.1407
vn -1.0000 -0.0022 0.0094
vn -1.0000 -0.0023 0.0092
vn -0.8364 -0.2797 -0.4714
vn -0.8025 -0.4226 -0.4213
vn -0.7249 -0.5807 -0.3706
vn -0.9735 -0.1804 -0.1404
vn -0.9758 -0.0917 0.1987
vn -0.9960 0.0482 0.0758
vn -0.9488 0.0443 -0.3126
vn -0.9999 0.0158 -0.0050
vn 0.9299 0.0601 0.3628
vn 0.9960 0.0482 0.0758
vn 0.9550 0.0912 0.2821
vn -0.6711 0.0680 -0.7382
vn -0.6722 -0.0143 -0.7402
vn -0.9372 -0.0134 -0.3486
vn 0.9195 -0.1837 0.3476
vn 0.5997 -0.3735 0.7077
vn 0.6715 -0.3114 0.6724
vn 0.9497 -0.1296 0.2852
vn 0.2386 -0.4659 0.8521
vn 0.2779 -0.4021 0.8724
vn -0.9203 -0.1873 0.3433
vn -0.5957 -0.3870 0.7039
vn -0.7185 -0.3124 0.6214
vn -0.2304 -0.4743 0.8497
vn -0.2807 -0.4582 0.8434
vn 0.7117 -0.3357 0.6171
vn 0.2870 -0.4672 0.8363
vn -0.9274 0.0698 0.3676
vn -0.7304 0.1892 0.6563
vn -0.7244 0.1652 0.6693
vn -0.9529 0.0861 0.2909
vn -0.3174 0.3364 0.8866
vn -0.3237 0.2945 0.8992
vn -0.3052 -0.1356 0.9426
vn -0.7135 -0.0959 0.6940
vn -0.9646 -0.0303 0.2620
vn -0.1363 -0.9050 0.4030
vn -0.1705 -0.9187 0.3564
vn 0.2394 -0.9546 0.1774
vn 0.1093 -0.9928 0.0485
vn 0.3811 -0.8897 0.2513
vn -0.1646 -0.9359 0.3116
vn -0.1534 -0.9495 0.2739
vn -0.1547 -0.9718 0.1782
vn 0.3834 -0.9092 0.1624
vn -0.6706 -0.3116 0.6732
vn -0.9497 -0.1295 0.2851
vn -0.2766 -0.4022 0.8728
vn 0.9646 -0.0301 0.2619
vn 0.7140 -0.0959 0.6936
vn 0.7247 0.1839 0.6641
vn 0.3071 -0.1360 0.9419
vn 0.3108 0.3098 0.8986
vn 0.3088 0.3286 0.8926
vn 0.7339 0.1702 0.6576
vn 0.2289 0.5906 -0.7738
vn 0.2163 0.6352 -0.7415
vn 0.2242 0.5778 -0.7848
vn 0.2253 -0.7098 -0.6674
vn 0.1939 -0.8679 -0.4573
vn 0.2570 0.3415 -0.9040
vn 0.2770 -0.0301 -0.9604
vn -0.2515 0.4296 -0.8673
vn -0.2534 0.3370 -0.9068
vn -0.2473 0.2134 -0.9451
vn -0.2263 0.5910 -0.7743
vn -0.2415 0.5146 -0.8227
vn 0.2492 -0.8116 -0.5284
vn 0.2643 -0.4143 -0.8709
vn -0.2434 -0.7007 -0.6707
vn -0.2738 -0.4087 -0.8706
vn -0.2561 0.3430 -0.9037
vn -0.2213 0.5790 -0.7847
vn 0.2543 -0.0154 -0.9670
vn 0.2537 0.0887 -0.9632
vn 0.2479 0.2113 -0.9455
vn -0.2132 0.6360 -0.7417
vn 0.2520 0.3378 -0.9068
vn 0.2510 0.4311 -0.8667
vn 0.2429 0.5150 -0.8221
vn -0.1950 -0.8702 -0.4525
vn -0.2801 -0.0277 -0.9596
vn -0.6528 -0.4569 -0.6042
vn -0.6812 -0.1171 -0.7226
vn -0.2468 -0.8123 -0.5285
vn -0.2518 0.0886 -0.9637
vn -0.2526 -0.0154 -0.9675
vn -0.9996 -0.0256 0.0073
vn -0.9998 0.0179 -0.0044
vn -0.9997 -0.0257 0.0045
vn 0.7549 0.0612 0.6529
vn 0.3436 0.1505 0.9270
vn 0.9412 0.0018 0.3379
vn 0.9984 -0.0268 -0.0499
vn 0.9991 0.0121 -0.0412
vn 0.9998 0.0179 -0.0044
vn 0.9997 -0.0257 0.0045
vn -0.6767 -0.0611 -0.7338
vn -0.2559 -0.0724 -0.9640
vn 0.9400 -0.0412 -0.3387
vn 0.6787 -0.0602 -0.7319
vn -0.9961 -0.0204 0.0859
vn -0.9412 0.0018 0.3379
vn 0.9961 -0.0204 0.0859
vn 0.9996 -0.0256 0.0073
vn 0.9999 0.0158 -0.0050
vn -0.9399 -0.0428 -0.3387
vn -0.9984 -0.0275 -0.0490
vn -0.9991 0.0125 -0.0408
vn -0.7541 0.0613 0.6539
vn -0.3422 0.1507 0.9275
vn 0.2577 -0.0724 -0.9635
vn 0.1440 -0.9771 -0.1567
vn 0.0444 -0.9844 -0.1704
vn 0.0672 -0.9542 -0.2914
vn 0.2371 -0.9324 -0.2727
vn 0.3214 -0.9396 -0.1182
vn 0.1876 -0.9790 -0.0804
vn 0.3160 -0.9482 0.0333
vn 0.1630 -0.9857 0.0419
vn 0.3098 -0.9348 0.1737
vn 0.1530 -0.9720 0.1781
vn 0.3051 -0.9146 0.2653
vn 0.1519 -0.9497 0.2738
vn 0.3090 -0.8981 0.3128
vn 0.1640 -0.9362 0.3110
vn 0.3017 -0.8687 0.3928
vn 0.1695 -0.9186 0.3570
vn 0.2316 -0.8443 0.4832
vn 0.1362 -0.9051 0.4027
vn 0.0682 -0.8607 0.5045
vn 0.0553 -0.9038 0.4245
vn -0.0552 -0.9037 0.4246
vn -0.0679 -0.8606 0.5047
vn -0.2315 -0.8441 0.4837
vn -0.3015 -0.8693 0.3916
vn -0.3089 -0.8978 0.3141
vn -0.3081 -0.9137 0.2651
vn -0.3135 -0.9335 0.1738
vn -0.3202 -0.9467 0.0339
vn -0.1640 -0.9855 0.0424
vn -0.3242 -0.9384 -0.1200
vn -0.1876 -0.9789 -0.0807
vn -0.2367 -0.9320 -0.2744
vn -0.1434 -0.9771 -0.1575
vn -0.0666 -0.9541 -0.2919
vn -0.0443 -0.9844 -0.1705
vn 0.6519 -0.4493 -0.6108
vn 0.6698 -0.1336 -0.7305
vn -0.3497 -0.9348 0.0625
vn -0.2003 -0.9667 0.1593
vn -0.0861 -0.9610 0.2630
vn -0.0007 -0.9303 0.3667
vn -0.1103 -0.9925 0.0528
vn -0.2331 -0.9559 0.1787
vn -0.2690 -0.3967 -0.8777
vn 0.2818 -0.3901 -0.8766
vn 0.3053 -0.0701 -0.9497
vn -0.2868 -0.0562 -0.9563
vn 0.2013 -0.9664 0.1597
vn 0.3485 -0.9351 0.0639
vn 0.0853 -0.9610 0.2631
vn 0.0020 -0.9307 0.3657
vn 0.3838 -0.9219 0.0520
vn -0.3855 -0.9214 0.0499
vn -0.3843 -0.9089 0.1621
vn -0.3817 -0.8892 0.2521
vn 0.4585 -0.8739 0.1618
vn 0.4481 -0.8607 0.2416
vn 0.4240 -0.8961 0.1315
vn -0.4069 -0.8686 0.2826
vn -0.1236 -0.8707 0.4760
vn -0.0010 -0.8616 0.5075
vn 0.1442 -0.9810 -0.1295
vn -0.1478 -0.9804 -0.1303
vn -0.4225 -0.8973 0.1274
vn 0.0019 -0.8877 0.4604
vn 0.1201 -0.8676 0.4825
vn 0.4145 -0.8628 0.2894
vn 0.5408 -0.8386 0.0655
vn 0.4802 -0.8758 0.0493
vn -0.4764 -0.8776 0.0526
vn -0.5231 -0.8496 0.0674
vn -0.4591 -0.8736 0.1615
vn -0.4482 -0.8604 0.2424
vn 0.0488 -0.9639 0.2619
vn -0.0284 -0.9636 0.2660
vn 0.0755 -0.9546 0.2883
vn 0.1295 -0.9524 0.2760
vn 0.1455 -0.9720 0.1846
vn 0.1661 -0.9851 0.0458
vn 0.2918 -0.9565 0.0032
vn 0.2668 -0.9575 0.1095
vn 0.0891 -0.9617 0.2592
vn -0.1092 -0.9577 0.2664
vn -0.3140 -0.9494 0.0060
vn -0.3149 -0.9424 0.1131
vn -0.1715 -0.9836 0.0549
vn -0.1458 -0.9720 0.1845
vn -0.1305 -0.9525 0.2752
vn -0.0802 -0.9528 0.2926
vn 0.9988 -0.0478 0.0082
vn 0.9989 -0.0459 0.0083
vn 0.9748 -0.1390 0.1747
vn 0.9986 -0.0481 0.0209
vn 0.9751 -0.1369 0.1747
vn 0.7173 -0.4144 0.5601
vn 0.6524 -0.4316 0.6230
vn 0.2412 -0.5779 0.7797
vn -0.2375 -0.5735 0.7840
vn -0.1121 -0.5920 0.7981
vn 0.1208 -0.5835 0.8031
vn -0.7219 -0.4022 0.5631
vn -0.6460 -0.4522 0.6150
vn -0.9771 -0.1281 0.1698
vn -0.9988 -0.0448 0.0173
vn -0.9760 -0.1413 0.1659
vn -0.9991 -0.0418 0.0075
vn -0.9990 -0.0430 0.0089
vn -0.9926 -0.1214 0.0050
vn -0.5950 -0.8030 0.0341
vn -0.1210 -0.9916 0.0465
vn -0.0576 -0.9983 0.0098
vn 0.1193 -0.9921 0.0376
vn -0.0980 -0.9940 0.0479
vn 0.6679 -0.7442 -0.0074
vn 0.9922 -0.1246 0.0069
vn 0.9706 -0.0495 0.2354
vn 0.7039 -0.1369 0.6970
vn 0.7080 0.1201 -0.6959
vn 0.9884 -0.0082 -0.1516
vn 0.6208 -0.1436 0.7707
vn 0.1215 -0.1821 0.9758
vn -0.1196 -0.1821 0.9760
vn -0.7038 -0.1369 0.6971
vn -0.6195 -0.1438 0.7717
vn -0.9707 -0.0494 0.2351
vn -0.7078 0.1202 -0.6961
vn -0.9888 -0.0084 -0.1493
vn 0.4177 -0.5760 -0.7027
vn 0.6692 -0.1782 -0.7214
vn -0.6712 -0.1789 -0.7194
vn -0.4194 -0.5761 -0.7015
vn -0.0000 -0.9853 -0.1708
vn -0.5628 -0.8097 -0.1662
vn -0.6286 -0.7752 -0.0624
vn -0.7199 -0.6897 -0.0778
vn -0.6740 -0.7173 -0.1768
vn -0.8405 -0.5418 0.0102
vn -0.8846 -0.4662 0.0099
vn -0.8269 -0.5484 -0.1248
vn -0.7641 -0.5868 -0.2680
vn -0.9816 0.1848 0.0480
vn -0.9764 0.2156 0.0119
vn -0.9989 0.0447 0.0145
vn -0.8286 0.4664 0.3096
vn -0.8955 0.4217 0.1423
vn -0.9799 0.1993 0.0020
vn -0.9894 0.1450 0.0015
vn -0.9997 0.0257 -0.0014
vn -0.9308 0.3655 0.0008
vn -0.9770 0.2133 0.0002
vn -0.2642 0.9645 -0.0000
vn 0.1725 0.9850 -0.0000
vn 0.8793 0.4762 -0.0000
vn -0.1343 0.9909 -0.0000
vn -0.9526 -0.2919 -0.0856
vn -0.9779 -0.2049 -0.0405
vn -0.8807 -0.4735 -0.0158
vn -0.9459 -0.3244 -0.0002
vn -0.9948 -0.1015 0.0127
vn -0.9905 -0.1378 -0.0028
vn -0.2773 -0.9408 0.1949
vn -0.3170 -0.9467 0.0566
vn -0.1602 -0.9849 0.0650
vn -0.1316 -0.9759 0.1739
vn -0.9363 0.3510 0.0122
vn -0.8238 0.5590 -0.0946
vn -0.6908 0.6674 -0.2781
vn -0.8829 0.4039 -0.2394
vn -0.9140 0.3910 -0.1082
vn -0.9643 0.1537 -0.2155
vn -0.9827 0.1455 -0.1147
vn -0.2441 -0.9540 -0.1742
vn -0.3344 -0.8775 -0.3438
vn -0.1529 -0.9037 -0.3998
vn -0.1042 -0.9819 -0.1579
vn -0.9926 0.0120 -0.1211
vn -0.9766 0.0034 -0.2148
vn -0.9657 -0.1425 -0.2170
vn -0.9870 -0.1149 -0.1125
vn -0.6040 0.7173 0.3474
vn -0.8056 0.5832 0.1046
vn -0.8501 0.5266 -0.0000
vn -0.9265 0.3764 -0.0004
vn -0.9765 0.2153 0.0004
vn -0.8502 0.5265 -0.0000
vn -0.9966 0.0827 -0.0003
vn -0.8929 -0.3892 -0.2264
vn -0.9232 -0.3711 -0.0997
vn -0.6551 -0.7124 -0.2516
vn -0.8334 -0.5482 -0.0704
vn -0.9904 -0.1385 -0.0019
vn -0.8629 -0.4937 0.1076
vn -0.6585 -0.6547 0.3712
vn -0.8741 -0.3775 0.3056
vn -0.9315 -0.3372 0.1361
vn -0.9161 -0.2723 0.2942
vn -0.9671 -0.2077 0.1470
vn -0.3551 0.9262 0.1266
vn -0.5838 0.5156 0.6272
vn -0.2461 0.5540 0.7953
vn -0.1666 0.9764 0.1373
vn -0.9296 0.2421 0.2777
vn -0.9530 0.2217 0.2063
vn -0.9899 0.0430 0.1352
vn -0.9641 0.0844 0.2518
vn -0.9904 -0.1382 0.0084
vn -0.9645 -0.2641 0.0039
vn -0.1283 -0.9917 -0.0000
vn -0.1159 -0.9873 -0.1090
vn -0.2367 -0.9677 -0.0866
vn -0.2433 -0.9700 -0.0000
vn -0.2471 -0.9207 -0.3022
vn -0.1095 -0.9166 -0.3845
vn -0.0906 -0.9883 -0.1229
vn -0.1716 -0.9723 -0.1590
vn -0.2803 0.8505 0.4451
vn -0.1351 0.8624 0.4879
vn -0.1270 0.9840 0.1249
vn -0.2356 0.9582 0.1621
vn -0.3604 0.8058 -0.4700
vn -0.1876 0.8398 -0.5094
vn -0.2056 0.4856 -0.8496
vn -0.3470 0.5183 -0.7817
vn -0.2561 -0.6918 -0.6751
vn -0.1133 -0.6626 -0.7403
vn -0.2356 -0.5798 -0.7799
vn -0.1225 -0.5484 -0.8272
vn -0.4393 -0.1860 -0.8789
vn -0.2477 -0.1839 -0.9512
vn -0.2234 -0.4685 -0.8548
vn -0.3872 -0.4622 -0.7977
vn -0.2506 0.8785 0.4067
vn -0.1409 0.9097 0.3907
vn -0.1246 0.7611 0.6365
vn -0.2114 0.7151 0.6662
vn -0.1255 -0.8769 -0.4641
vn -0.2589 -0.8583 -0.4431
vn -0.2551 0.9646 0.0667
vn -0.1293 0.9884 0.0797
vn -0.2989 0.9543 0.0002
vn -0.1511 0.9885 0.0001
vn -0.2805 0.9366 -0.2100
vn -0.1223 0.9732 -0.1948
vn -0.2472 0.1745 -0.9531
vn -0.4375 0.1858 -0.8798
vn -0.2497 0.6164 0.7468
vn -0.1162 0.6027 0.7895
vn -0.2569 0.5243 0.8119
vn -0.1389 0.5176 0.8443
vn -0.4785 0.0261 0.8777
vn -0.1932 -0.0744 0.9783
vn -0.3455 -0.4676 0.8136
vn -0.2879 -0.4689 0.8350
vn -0.1457 -0.4702 0.8705
vn -0.1791 -0.4711 0.8637
vn -0.1773 -0.6607 -0.7294
vn -0.3335 -0.6741 -0.6591
vn -0.1987 -0.9779 0.0649
vn -0.1003 -0.9925 0.0693
vn -0.1387 -0.8328 0.5359
vn -0.3290 -0.8001 0.5016
vn 0.1003 -0.9925 0.0693
vn 0.1602 -0.9849 0.0650
vn -0.8923 -0.3234 -0.3149
vn -0.9584 -0.2275 -0.1721
vn -0.8887 -0.3116 -0.3364
vn -0.2295 -0.6066 -0.7612
vn -0.1091 -0.6259 -0.7722
vn -0.9207 -0.3605 -0.1495
vn -0.8546 -0.4120 -0.3162
vn -0.2388 -0.5375 -0.8087
vn -0.1312 -0.5270 -0.8396
vn -0.2421 -0.5089 -0.8261
vn -0.1222 -0.5085 -0.8523
vn 0.1387 -0.8328 0.5359
vn 0.1324 -0.5637 0.8153
vn -0.1324 -0.5637 0.8153
vn -0.2801 -0.5752 0.7686
vn -0.9937 0.1117 -0.0034
vn -0.9387 0.3449 0.0001
vn -0.9917 -0.1285 0.0080
vn -0.9907 0.1362 0.0009
vn -0.9982 -0.0599 -0.0051
vn -0.9961 -0.0882 0.0047
vn -0.9961 -0.0884 -0.0051
vn -0.9918 -0.1270 -0.0125
vn -0.9907 -0.1354 -0.0099
vn -0.9894 -0.1452 0.0026
vn -0.9892 -0.1463 0.0031
vn -0.4752 0.3865 -0.7905
vn -0.4557 -0.0686 -0.8875
vn -0.0697 -0.0039 -0.9976
vn -0.0734 0.4997 -0.8631
vn -0.4248 -0.5034 -0.7524
vn -0.4128 -0.8069 -0.4225
vn -0.0620 -0.8696 -0.4899
vn -0.0648 -0.5081 -0.8589
vn -0.3994 -0.9168 0.0031
vn -0.4134 -0.8032 0.4289
vn -0.0607 -0.8651 0.4979
vn -0.0597 -0.9982 0.0039
vn -0.4258 -0.4976 0.7557
vn -0.4598 -0.0641 0.8857
vn -0.0669 0.0036 0.9978
vn -0.0624 -0.5005 0.8635
vn -0.4818 0.3909 0.7843
vn -0.5100 0.7301 0.4548
vn -0.0757 0.8683 0.4902
vn -0.0707 0.5071 0.8590
vn -0.5071 0.7266 -0.4635
vn -0.0771 0.8645 -0.4968
vn -0.0768 0.9970 -0.0036
vn -0.5105 0.8599 -0.0042
vn -0.7278 -0.1133 -0.6764
vn -0.7630 0.2298 -0.6042
vn -0.8002 0.4852 -0.3525
vn -0.6673 -0.6698 -0.3255
vn -0.6904 -0.4386 -0.5753
vn -0.6651 -0.6701 0.3296
vn -0.6528 -0.7576 0.0012
vn -0.7272 -0.1098 0.6776
vn -0.6871 -0.4367 0.5807
vn -0.8005 0.4865 0.3501
vn -0.7652 0.2319 0.6005
vn -0.8091 0.5877 -0.0008
vn -0.9413 0.3377 0.0003
vn -0.3050 0.9523 0.0002
vn -0.1543 0.9880 0.0001
vn -0.9950 -0.0983 -0.0150
vn -0.9805 0.1965 -0.0005
vn -0.9955 0.0952 0.0027
vn -0.9891 0.1472 0.0028
vn -0.9769 0.2139 -0.0007
vn -0.9762 0.2167 -0.0035
vn -0.9762 0.2168 0.0003
vn -0.7695 -0.6386 0.0002
vn -0.7554 -0.5788 0.3072
vn -0.1092 -0.9185 0.3801
vn -0.1100 -0.9939 0.0013
vn -0.5275 0.8495 -0.0047
vn -0.5282 0.7903 -0.3106
vn -0.0707 0.9220 -0.3807
vn -0.0706 0.9975 -0.0023
vn -0.5889 0.1287 -0.7979
vn -0.6557 -0.1579 -0.7383
vn -0.0889 -0.3740 -0.9232
vn -0.0800 0.0101 -0.9967
vn -0.7586 -0.5759 -0.3047
vn -0.1087 -0.9192 -0.3784
vn -0.1004 -0.6995 -0.7075
vn -0.7128 -0.4111 -0.5683
vn -0.5472 0.4019 -0.7342
vn -0.0757 0.3891 -0.9181
vn -0.0726 0.7099 -0.7005
vn -0.5263 0.6321 -0.5687
vn -0.5800 0.1067 0.8076
vn -0.5411 0.3892 0.7455
vn -0.0792 0.3786 0.9222
vn -0.0860 -0.0056 0.9963
vn -0.6482 -0.1769 0.7406
vn -0.0918 -0.3886 0.9168
vn -0.0998 -0.7039 0.7033
vn -0.7075 -0.4189 0.5691
vn -0.5313 0.7910 0.3034
vn -0.0715 0.9223 0.3798
vn -0.0738 0.7057 0.7047
vn -0.5266 0.6301 0.5706
vn -0.9951 -0.0246 0.0960
vn -0.9996 -0.0292 -0.0014
vn -0.9945 -0.0315 -0.0995
vn -0.8279 0.5265 -0.1933
vn -0.8286 0.5599 -0.0045
vn -0.8279 0.5292 0.1860
vn -0.9351 0.0548 -0.3500
vn -0.8790 0.1812 -0.4411
vn -0.8361 0.3227 -0.4437
vn -0.9751 -0.0168 -0.2209
vn -0.8243 0.4425 -0.3532
vn -0.8359 0.3130 0.4509
vn -0.8830 0.1681 0.4383
vn -0.9389 0.0524 0.3403
vn -0.9768 -0.0100 0.2139
vn -0.8222 0.4444 0.3556
vn 0.1293 0.9884 0.0797
vn 0.1409 0.9097 0.3907
vn -0.0000 0.9794 -0.2017
vn -0.0000 0.8481 -0.5298
vn -0.0000 0.1497 -0.9887
vn -0.0000 -0.2013 -0.9795
vn -0.0000 -0.6648 -0.7470
vn -0.0000 -0.9206 -0.3906
vn 0.1457 -0.4702 0.8705
vn 0.1791 -0.4711 0.8637
vn -0.9771 0.2128 -0.0001
vn -0.9777 0.2102 -0.0011
vn -0.9894 -0.1455 -0.0047
vn -0.9895 -0.1444 -0.0038
vn -0.9899 -0.1419 -0.0002
vn -0.9909 -0.1345 0.0009
vn -0.4685 -0.2673 0.8420
vn -0.0462 -0.3898 0.9198
vn -0.0466 -0.7098 0.7029
vn -0.4832 -0.5754 0.6599
vn -0.4745 0.0336 0.8796
vn -0.0455 -0.0078 0.9989
vn -0.0426 0.3788 0.9245
vn -0.4614 0.3072 0.8323
vn -0.0386 0.7067 0.7064
vn -0.4585 0.6006 0.6550
vn -0.4666 0.8096 0.3563
vn -0.0360 0.9243 0.3800
vn -0.0346 0.9994 -0.0022
vn -0.4670 0.8843 -0.0022
vn -0.0347 0.9238 -0.3814
vn -0.4663 0.8092 -0.3574
vn -0.0373 0.7114 -0.7018
vn -0.4579 0.6051 -0.6513
vn -0.4609 0.3178 -0.8286
vn -0.0404 0.3898 -0.9200
vn -0.0431 0.0094 -0.9990
vn -0.4749 0.0480 -0.8787
vn -0.0459 -0.3772 -0.9250
vn -0.4686 -0.2545 -0.8460
vn -0.0469 -0.7055 -0.7072
vn -0.4835 -0.5706 -0.6637
vn -0.4963 -0.7884 -0.3634
vn -0.0474 -0.9236 -0.3803
vn -0.0472 -0.9989 0.0020
vn -0.4984 -0.8670 0.0017
vn -0.0472 -0.9232 0.3813
vn -0.4959 -0.7885 0.3637
vn -0.9820 0.1889 -0.0061
vn -0.9962 0.0869 0.0056
vn -0.9933 -0.1156 -0.0043
vn -0.7808 0.5608 0.2756
vn -0.7845 0.6202 -0.0004
vn -0.8136 -0.5116 0.2763
vn -0.7959 -0.3449 0.4975
vn -0.7710 -0.1102 0.6272
vn -0.7487 0.0536 0.6607
vn -0.7541 0.1946 0.6272
vn -0.7688 0.3975 0.5010
vn -0.7805 0.5617 -0.2743
vn -0.7687 0.4010 -0.4983
vn -0.7543 0.2015 -0.6249
vn -0.7477 0.0627 -0.6611
vn -0.7697 -0.1025 -0.6301
vn -0.7956 -0.3410 -0.5007
vn -0.8137 -0.5103 -0.2783
vn -0.8196 -0.5729 -0.0002
vn -0.9808 0.1950 0.0084
vn -0.9969 0.0791 -0.0047
vn -0.9942 -0.1076 -0.0012
vn -0.9808 0.1948 0.0068
vn -0.9811 0.1937 0.0011
vn -0.9810 0.1938 -0.0009
vn -0.9812 0.1928 -0.0010
vn -0.9816 0.1908 -0.0017
vn -0.9890 -0.1481 0.0021
vn -0.9895 -0.1439 -0.0114
vn -0.9893 -0.1458 -0.0040
vn -0.9880 -0.1544 0.0033
vn -0.9904 -0.1379 0.0038
vn -1.0000 -0.0000 -0.0000
vn -0.0000 -0.9946 -0.1036
vn -0.0000 0.4598 -0.8880
vn 0.1133 -0.6626 -0.7403
vn 0.1095 -0.9166 -0.3845
vn -0.0000 -0.4751 -0.8799
vn 0.1316 -0.9759 0.1739
vn -0.2507 0.9681 -0.0000
vn 0.9511 0.3089 0.0001
vn 0.1666 0.9764 0.1373
vn 0.5628 -0.8097 -0.1661
vn 0.6740 -0.7172 -0.1768
vn 0.7208 -0.6888 -0.0767
vn 0.6286 -0.7752 -0.0624
vn 0.8853 -0.4649 0.0071
vn 0.8405 -0.5417 0.0102
vn 0.7641 -0.5868 -0.2680
vn 0.8268 -0.5487 -0.1240
vn 0.9816 0.1848 0.0480
vn 0.9989 0.0447 0.0145
vn 0.9764 0.2156 0.0119
vn 0.8955 0.4217 0.1423
vn 0.8286 0.4664 0.3096
vn 0.9799 0.1993 0.0020
vn 0.9308 0.3655 0.0008
vn 0.9997 0.0257 -0.0014
vn 0.9894 0.1450 0.0015
vn 0.9770 0.2133 0.0002
vn 0.2642 0.9645 -0.0000
vn 0.1343 0.9909 -0.0000
vn 0.1333 0.9911 -0.0000
vn 0.9526 -0.2919 -0.0856
vn 0.8807 -0.4735 -0.0158
vn 0.9779 -0.2049 -0.0405
vn 0.9459 -0.3244 -0.0002
vn 0.9905 -0.1378 -0.0028
vn 0.9948 -0.1015 0.0127
vn 0.2773 -0.9408 0.1949
vn 0.3170 -0.9467 0.0566
vn 0.9363 0.3510 0.0122
vn 0.8237 0.5590 -0.0946
vn 0.9140 0.3910 -0.1082
vn 0.8829 0.4039 -0.2394
vn 0.6908 0.6674 -0.2781
vn 0.9827 0.1455 -0.1147
vn 0.9643 0.1538 -0.2155
vn 0.2441 -0.9540 -0.1742
vn 0.1042 -0.9819 -0.1579
vn 0.1529 -0.9037 -0.3998
vn 0.3344 -0.8775 -0.3438
vn 0.9926 0.0120 -0.1211
vn 0.9870 -0.1149 -0.1125
vn 0.9657 -0.1425 -0.2170
vn 0.9766 0.0034 -0.2148
vn 0.8056 0.5832 0.1046
vn 0.6041 0.7173 0.3473
vn 0.8501 0.5266 -0.0000
vn 0.9265 0.3764 -0.0004
vn 0.9765 0.2153 0.0004
vn 0.8502 0.5265 -0.0000
vn 0.9966 0.0827 -0.0003
vn 0.9232 -0.3711 -0.0997
vn 0.8929 -0.3892 -0.2263
vn 0.8334 -0.5481 -0.0704
vn 0.6551 -0.7124 -0.2516
vn 0.9904 -0.1385 -0.0019
vn 0.8629 -0.4937 0.1076
vn 0.9315 -0.3372 0.1361
vn 0.8741 -0.3775 0.3056
vn 0.6585 -0.6547 0.3712
vn 0.9671 -0.2077 0.1470
vn 0.9161 -0.2723 0.2942
vn 0.3551 0.9262 0.1266
vn 0.2461 0.5540 0.7953
vn 0.5838 0.5156 0.6272
vn 0.9297 0.2421 0.2777
vn 0.9641 0.0844 0.2518
vn 0.9899 0.0430 0.1352
vn 0.9530 0.2217 0.2063
vn 0.9904 -0.1382 0.0084
vn 0.9640 -0.2661 0.0011
vn 0.1283 -0.9917 -0.0000
vn 0.2433 -0.9700 -0.0000
vn 0.2367 -0.9677 -0.0866
vn 0.1159 -0.9873 -0.1090
vn 0.2471 -0.9207 -0.3022
vn 0.1716 -0.9723 -0.1589
vn 0.0906 -0.9883 -0.1229
vn 0.2803 0.8505 0.4451
vn 0.2356 0.9582 0.1621
vn 0.1271 0.9840 0.1249
vn 0.1351 0.8624 0.4879
vn 0.3604 0.8058 -0.4700
vn 0.3470 0.5183 -0.7817
vn 0.2056 0.4856 -0.8496
vn 0.1875 0.8398 -0.5094
vn 0.2561 -0.6918 -0.6751
vn 0.1225 -0.5484 -0.8272
vn 0.2356 -0.5798 -0.7799
vn 0.4394 -0.1860 -0.8789
vn 0.3872 -0.4622 -0.7977
vn 0.2234 -0.4685 -0.8548
vn 0.2477 -0.1839 -0.9512
vn 0.2506 0.8785 0.4067
vn 0.2114 0.7151 0.6662
vn 0.1246 0.7611 0.6365
vn 0.1255 -0.8769 -0.4641
vn 0.2589 -0.8583 -0.4431
vn 0.2551 0.9646 0.0667
vn 0.2989 0.9543 0.0002
vn 0.1223 0.9732 -0.1948
vn 0.2805 0.9366 -0.2100
vn 0.4375 0.1858 -0.8798
vn 0.2472 0.1745 -0.9531
vn 0.1162 0.6027 0.7895
vn 0.2497 0.6164 0.7468
vn 0.1389 0.5176 0.8443
vn 0.2569 0.5243 0.8119
vn 0.1932 -0.0744 0.9783
vn 0.4785 0.0261 0.8777
vn 0.3455 -0.4676 0.8136
vn 0.2879 -0.4689 0.8350
vn 0.3335 -0.6741 -0.6591
vn 0.1773 -0.6607 -0.7294
vn 0.1988 -0.9779 0.0649
vn 0.3290 -0.8001 0.5016
vn 0.8923 -0.3234 -0.3149
vn 0.9585 -0.2275 -0.1721
vn 0.8887 -0.3116 -0.3364
vn 0.1091 -0.6259 -0.7722
vn 0.2295 -0.6066 -0.7612
vn 0.9207 -0.3605 -0.1495
vn 0.8546 -0.4120 -0.3162
vn 0.1313 -0.5271 -0.8396
vn 0.2388 -0.5375 -0.8087
vn 0.1223 -0.5085 -0.8523
vn 0.2421 -0.5089 -0.8261
vn 0.2801 -0.5752 0.7686
vn 0.9937 0.1117 -0.0034
vn 0.9386 0.3449 0.0001
vn 0.9917 -0.1285 0.0080
vn 0.9907 0.1362 0.0009
vn 0.9961 -0.0882 0.0047
vn 0.9982 -0.0599 -0.0051
vn 0.9961 -0.0884 -0.0051
vn 0.9918 -0.1270 -0.0125
vn 0.9907 -0.1354 -0.0099
vn 0.9892 -0.1463 0.0031
vn 0.9894 -0.1452 0.0026
vn 0.4752 0.3865 -0.7905
vn 0.0734 0.4997 -0.8631
vn 0.0697 -0.0039 -0.9976
vn 0.4557 -0.0686 -0.8875
vn 0.4248 -0.5034 -0.7524
vn 0.0648 -0.5081 -0.8589
vn 0.0620 -0.8696 -0.4899
vn 0.4128 -0.8069 -0.4225
vn 0.3994 -0.9168 0.0031
vn 0.0597 -0.9982 0.0039
vn 0.0607 -0.8651 0.4979
vn 0.4134 -0.8032 0.4289
vn 0.4258 -0.4976 0.7557
vn 0.0624 -0.5005 0.8635
vn 0.0669 0.0036 0.9978
vn 0.4598 -0.0641 0.8857
vn 0.4818 0.3909 0.7843
vn 0.0707 0.5071 0.8590
vn 0.0757 0.8683 0.4902
vn 0.5100 0.7301 0.4548
vn 0.5071 0.7266 -0.4635
vn 0.5105 0.8599 -0.0042
vn 0.0768 0.9970 -0.0036
vn 0.0771 0.8645 -0.4968
vn 0.7278 -0.1133 -0.6764
vn 0.7630 0.2298 -0.6042
vn 0.8002 0.4852 -0.3525
vn 0.6673 -0.6698 -0.3255
vn 0.6904 -0.4386 -0.5753
vn 0.6651 -0.6701 0.3296
vn 0.6528 -0.7575 0.0012
vn 0.7272 -0.1098 0.6776
vn 0.6871 -0.4367 0.5807
vn 0.8005 0.4865 0.3501
vn 0.7652 0.2319 0.6005
vn 0.8091 0.5877 -0.0008
vn 0.9413 0.3377 0.0003
vn 0.3050 0.9523 0.0002
vn 0.9950 -0.0983 -0.0150
vn 0.9805 0.1965 -0.0005
vn 0.9891 0.1472 0.0028
vn 0.9955 0.0952 0.0027
vn 0.9769 0.2139 -0.0007
vn 0.9762 0.2168 0.0003
vn 0.9762 0.2167 -0.0035
vn 0.7695 -0.6386 0.0002
vn 0.1100 -0.9939 0.0013
vn 0.1092 -0.9185 0.3801
vn 0.7554 -0.5787 0.3072
vn 0.5275 0.8495 -0.0047
vn 0.0706 0.9975 -0.0023
vn 0.0707 0.9220 -0.3807
vn 0.5282 0.7903 -0.3106
vn 0.5889 0.1287 -0.7979
vn 0.0800 0.0101 -0.9967
vn 0.0889 -0.3740 -0.9232
vn 0.6557 -0.1579 -0.7383
vn 0.7586 -0.5759 -0.3047
vn 0.7128 -0.4111 -0.5683
vn 0.1004 -0.6995 -0.7075
vn 0.1087 -0.9192 -0.3784
vn 0.5471 0.4019 -0.7342
vn 0.5263 0.6321 -0.5687
vn 0.0726 0.7099 -0.7005
vn 0.0757 0.3891 -0.9181
vn 0.5799 0.1067 0.8076
vn 0.0860 -0.0056 0.9963
vn 0.0792 0.3786 0.9222
vn 0.5411 0.3892 0.7455
vn 0.6483 -0.1769 0.7406
vn 0.7075 -0.4189 0.5691
vn 0.0998 -0.7039 0.7033
vn 0.0918 -0.3886 0.9168
vn 0.5313 0.7910 0.3034
vn 0.5267 0.6301 0.5706
vn 0.0738 0.7057 0.7047
vn 0.0715 0.9223 0.3798
vn 0.9951 -0.0246 0.0960
vn 0.9996 -0.0292 -0.0014
vn 0.9945 -0.0314 -0.0995
vn 0.8279 0.5265 -0.1933
vn 0.8286 0.5599 -0.0045
vn 0.8279 0.5292 0.1860
vn 0.9351 0.0548 -0.3500
vn 0.8790 0.1812 -0.4410
vn 0.8361 0.3227 -0.4437
vn 0.9751 -0.0168 -0.2209
vn 0.8243 0.4425 -0.3532
vn 0.8359 0.3130 0.4509
vn 0.8829 0.1681 0.4384
vn 0.9389 0.0524 0.3403
vn 0.9768 -0.0099 0.2139
vn 0.8222 0.4444 0.3556
vn 0.9771 0.2128 -0.0001
vn 0.9777 0.2102 -0.0011
vn 0.9894 -0.1455 -0.0047
vn 0.9895 -0.1444 -0.0037
vn 0.9899 -0.1419 -0.0002
vn 0.9909 -0.1345 0.0009
vn 0.4685 -0.2673 0.8420
vn 0.4832 -0.5754 0.6599
vn 0.0466 -0.7098 0.7029
vn 0.0462 -0.3898 0.9197
vn 0.0455 -0.0078 0.9989
vn 0.4745 0.0336 0.8796
vn 0.0426 0.3788 0.9245
vn 0.4614 0.3072 0.8323
vn 0.0386 0.7067 0.7064
vn 0.4585 0.6006 0.6550
vn 0.0360 0.9243 0.3800
vn 0.4666 0.8096 0.3563
vn 0.0346 0.9994 -0.0023
vn 0.4670 0.8843 -0.0022
vn 0.0347 0.9238 -0.3814
vn 0.4663 0.8092 -0.3574
vn 0.0373 0.7114 -0.7018
vn 0.4579 0.6051 -0.6513
vn 0.4609 0.3178 -0.8286
vn 0.0404 0.3898 -0.9200
vn 0.0431 0.0094 -0.9990
vn 0.4749 0.0480 -0.8787
vn 0.0459 -0.3772 -0.9250
vn 0.4686 -0.2545 -0.8460
vn 0.0469 -0.7055 -0.7072
vn 0.4835 -0.5706 -0.6638
vn 0.4963 -0.7884 -0.3634
vn 0.0474 -0.9236 -0.3803
vn 0.0472 -0.9989 0.0020
vn 0.4984 -0.8670 0.0018
vn 0.0472 -0.9232 0.3813
vn 0.4959 -0.7885 0.3637
vn -0.0000 1.0000 -0.0000
vn 0.9820 0.1889 -0.0061
vn 0.9962 0.0869 0.0056
vn 0.9933 -0.1156 -0.0044
vn 0.7845 0.6202 -0.0004
vn 0.7808 0.5608 0.2756
vn 0.7959 -0.3449 0.4976
vn 0.8136 -0.5116 0.2763
vn 0.7710 -0.1102 0.6272
vn 0.7487 0.0536 0.6607
vn 0.7541 0.1947 0.6273
vn 0.7688 0.3975 0.5010
vn 0.7805 0.5617 -0.2743
vn 0.7687 0.4010 -0.4983
vn 0.7543 0.2014 -0.6248
vn 0.7477 0.0627 -0.6611
vn 0.7697 -0.1025 -0.6301
vn 0.7956 -0.3410 -0.5007
vn 0.8137 -0.5103 -0.2783
vn 0.8197 -0.5729 -0.0002
vn 0.9808 0.1951 0.0084
vn 0.9969 0.0791 -0.0047
vn 0.9942 -0.1076 -0.0012
vn 0.9808 0.1948 0.0068
vn 0.9811 0.1937 0.0011
vn 0.9810 0.1938 -0.0009
vn 0.9812 0.1928 -0.0010
vn 0.9816 0.1908 -0.0017
vn 0.9890 -0.1481 0.0021
vn 0.9895 -0.1439 -0.0114
vn 0.9893 -0.1458 -0.0040
vn 0.9880 -0.1544 0.0033
vn 0.9904 -0.1379 0.0038
vn 1.0000 -0.0000 -0.0000
vn 1.0000 0.0001 -0.0000
vn -0.0000 -1.0000 -0.0000
vn -1.0000 -0.0099 -0.0000
vn 1.0000 -0.0099 -0.0000
vn -0.0262 0.4945 0.8688
vn -0.0377 0.4904 0.8707
vn -0.0320 0.4965 0.8674
vn -0.0196 0.4998 0.8659
vn -0.0074 0.5000 0.8660
vn 0.0038 0.4976 0.8674
vn -0.0036 0.4942 0.8693
vn -0.0146 0.4957 0.8684
vn 0.0131 0.4927 0.8701
vn 0.0057 0.4904 0.8715
vn 0.0199 0.4860 0.8737
vn 0.0128 0.4848 0.8746
vn 0.0233 0.4781 0.8780
vn 0.0170 0.4779 0.8783
vn 0.0233 0.4701 0.8823
vn 0.0181 0.4705 0.8822
vn 0.0198 0.4628 0.8862
vn 0.0159 0.4637 0.8858
vn 0.0131 0.4575 0.8891
vn 0.0109 0.4583 0.8887
vn 0.0047 0.4548 0.8906
vn 0.0039 0.4552 0.8904
vn -0.0040 0.4552 0.8904
vn -0.0036 0.4547 0.8906
vn -0.0121 0.4587 0.8885
vn -0.0109 0.4569 0.8894
vn -0.0182 0.4648 0.8852
vn -0.0166 0.4616 0.8869
vn -0.0209 0.4724 0.8811
vn -0.0196 0.4680 0.8835
vn -0.0200 0.4806 0.8767
vn -0.0196 0.4751 0.8797
vn -0.0156 0.4884 0.8725
vn -0.0163 0.4821 0.8760
vn -0.0082 0.4948 0.8690
vn -0.0101 0.4881 0.8727
vn 0.0018 0.4991 0.8665
vn -0.0015 0.4925 0.8703
vn 0.0134 0.5010 0.8654
vn 0.0089 0.4946 0.8691
vn 0.0259 0.5000 0.8657
vn 0.0203 0.4942 0.8691
vn 0.0383 0.4960 0.8675
vn 0.0318 0.4910 0.8706
vn 0.0496 0.4890 0.8709
vn 0.0425 0.4850 0.8735
vn 0.0589 0.4793 0.8757
vn 0.0515 0.4763 0.8778
vn 0.0653 0.4672 0.8817
vn 0.0579 0.4653 0.8833
vn 0.0677 0.4534 0.8887
vn 0.0608 0.4525 0.8897
vn 0.0656 0.4387 0.8962
vn 0.0594 0.4388 0.8966
vn 0.0585 0.4245 0.9035
vn 0.0533 0.4253 0.9035
vn 0.0463 0.4121 0.9100
vn 0.0425 0.4132 0.9097
vn 0.0295 0.4029 0.9148
vn 0.0274 0.4039 0.9144
vn 0.0101 0.3983 0.9172
vn 0.0094 0.3987 0.9170
vn -0.0095 0.3987 0.9170
vn -0.0091 0.3982 0.9173
vn -0.0284 0.4042 0.9142
vn -0.0273 0.4024 0.9151
vn -0.0446 0.4142 0.9091
vn -0.0432 0.4109 0.9107
vn -0.0560 0.4271 0.9025
vn -0.0549 0.4225 0.9047
vn -0.0623 0.4415 0.8951
vn -0.0620 0.4358 0.8979
vn -0.0635 0.4561 0.8877
vn -0.0644 0.4496 0.8909
vn -0.0603 0.4696 0.8808
vn -0.0624 0.4627 0.8843
vn -0.0533 0.4812 0.8750
vn -0.0567 0.4743 0.8785
vn -0.0435 0.4903 0.8705
vn -0.0482 0.4837 0.8739
vn -0.9618 0.2511 0.1094
vn -0.9136 0.3794 0.1466
vn -0.8952 0.4085 0.1780
vn -0.9122 0.3839 0.1432
vn -0.7503 0.5876 0.3030
vn -0.7789 0.5931 0.2039
vn -0.6233 0.6948 0.3588
vn -0.6694 0.7041 0.2369
vn -0.4979 0.7704 0.3983
vn -0.5521 0.7915 0.2623
vn -0.3782 0.8222 0.4254
vn -0.4308 0.8575 0.2812
vn -0.2649 0.8563 0.4434
vn -0.3079 0.9046 0.2946
vn -0.1555 0.8771 0.4545
vn -0.1830 0.9352 0.3032
vn -0.0503 0.8867 0.4596
vn -0.0598 0.9496 0.3077
vn 0.0503 0.8867 0.4597
vn 0.0597 0.9496 0.3078
vn 0.1554 0.8770 0.4546
vn 0.1828 0.9352 0.3034
vn 0.2648 0.8562 0.4436
vn 0.3077 0.9046 0.2949
vn 0.3780 0.8221 0.4257
vn 0.4305 0.8576 0.2815
vn 0.4976 0.7704 0.3986
vn 0.5518 0.7916 0.2626
vn 0.6230 0.6949 0.3592
vn 0.6691 0.7043 0.2372
vn 0.7500 0.5877 0.3034
vn 0.7787 0.5932 0.2040
vn 0.8678 0.4417 0.2278
vn 0.9122 0.3843 0.1423
vn 0.9176 0.3565 0.1757
vn 0.9770 0.2026 0.0665
vn -0.9476 0.3185 0.0251
vn -0.8379 0.5080 -0.1995
vn -0.7903 0.5273 -0.3120
vn -0.8407 0.5401 0.0405
vn -0.7094 0.6799 -0.1858
vn -0.7444 0.6659 0.0505
vn -0.6197 0.7641 -0.1795
vn -0.6310 0.7735 0.0593
vn -0.5216 0.8354 -0.1734
vn -0.5042 0.8610 0.0666
vn -0.4160 0.8938 -0.1676
vn -0.3671 0.9274 0.0722
vn -0.3036 0.9389 -0.1622
vn -0.2209 0.9723 0.0760
vn -0.1838 0.9703 -0.1573
vn -0.0727 0.9943 0.0779
vn -0.0606 0.9860 -0.1553
vn 0.0726 0.9943 0.0779
vn 0.0603 0.9861 -0.1549
vn 0.2209 0.9724 0.0758
vn 0.1840 0.9704 -0.1564
vn 0.3672 0.9274 0.0719
vn 0.3044 0.9389 -0.1609
vn 0.5043 0.8610 0.0662
vn 0.4175 0.8934 -0.1660
vn 0.6313 0.7733 0.0588
vn 0.5238 0.8344 -0.1718
vn 0.7446 0.6656 0.0500
vn 0.6223 0.7623 -0.1779
vn 0.8409 0.5397 0.0401
vn 0.7123 0.6773 -0.1843
vn 0.9478 0.3180 0.0248
vn 0.8406 0.5042 -0.1979
vn 0.7973 0.5166 -0.3121
vn 0.9988 -0.0472 0.0120
vn 0.9935 0.1133 0.0130
vn 0.9999 0.0004 0.0159
vn 0.9648 0.2626 0.0110
vn 0.9510 0.3087 0.0147
vn 0.9111 0.4121 0.0120
vn 0.8385 0.5448 0.0103
vn 0.8095 0.5870 0.0136
vn 0.7428 0.6694 0.0112
vn 0.6340 0.7733 0.0099
vn 0.5888 0.8082 0.0127
vn 0.5064 0.8622 0.0105
vn 0.3720 0.9282 0.0096
vn 0.3085 0.9511 0.0122
vn 0.2217 0.9751 0.0099
vn 0.0744 0.9972 0.0096
vn -0.0001 0.9999 0.0119
vn -0.0745 0.9972 0.0099
vn -0.2215 0.9751 0.0102
vn -0.3085 0.9511 0.0120
vn -0.3721 0.9282 0.0098
vn -0.5062 0.8624 0.0107
vn -0.5888 0.8082 0.0124
vn -0.6341 0.7732 0.0101
vn -0.7425 0.6697 0.0116
vn -0.8095 0.5870 0.0132
vn -0.8386 0.5446 0.0107
vn -0.9108 0.4127 0.0126
vn -0.9511 0.3087 0.0142
vn -0.9649 0.2625 0.0114
vn -0.9934 0.1141 0.0138
vn -0.9999 0.0004 0.0154
vn -0.9988 -0.0474 0.0124
vn -0.9800 -0.1982 0.0150
vn -0.9513 -0.3080 0.0167
vn -0.9347 -0.3552 0.0135
vn -0.8694 -0.4939 0.0161
vn -0.8098 -0.5864 0.0180
vn -0.7763 -0.6302 0.0147
vn -0.6695 -0.7426 0.0168
vn -0.5891 -0.8078 0.0190
vn -0.5370 -0.8434 0.0157
vn -0.3985 -0.9170 0.0171
vn -0.3088 -0.9509 0.0199
vn -0.2374 -0.9713 0.0163
vn -0.0808 -0.9966 0.0168
vn -0.0000 -0.9998 0.0201
vn 0.0809 -0.9966 0.0169
vn 0.2373 -0.9713 0.0164
vn 0.3087 -0.9510 0.0200
vn 0.3982 -0.9171 0.0167
vn 0.5372 -0.8433 0.0154
vn 0.5891 -0.8078 0.0195
vn 0.6690 -0.7430 0.0162
vn 0.7764 -0.6301 0.0143
vn 0.8098 -0.5864 0.0185
vn 0.8689 -0.4947 0.0153
vn 0.9347 -0.3551 0.0131
vn 0.9512 -0.3080 0.0173
vn 0.9799 -0.1991 0.0142
vn -0.6222 0.6734 -0.3992
vn -0.6954 0.6087 -0.3819
vn -0.4912 0.7909 -0.3650
vn -0.4171 0.8359 -0.3567
vn -0.3435 0.8719 -0.3489
vn -0.2697 0.9003 -0.3418
vn -0.1946 0.9217 -0.3357
vn -0.1168 0.9363 -0.3311
vn -0.0385 0.9436 -0.3289
vn 0.0375 0.9434 -0.3296
vn 0.1149 0.9360 -0.3328
vn 0.1911 0.9215 -0.3380
vn 0.2644 0.9008 -0.3444
vn 0.3368 0.8735 -0.3514
vn 0.4093 0.8389 -0.3588
vn 0.4823 0.7955 -0.3668
vn 0.6129 0.6814 -0.4000
vn 0.6942 0.6053 -0.3895
vn -0.0000 -0.0000 1.0000
vn -0.0000 0.8023 -0.5969
vn -0.0000 0.8098 -0.5867
vn -0.0000 0.8192 -0.5736
vn -0.0000 0.8192 -0.5735
vn -0.0000 0.8193 -0.5734
vn -0.0000 0.8194 -0.5732
vn -0.0000 0.8195 -0.5731
vn -0.0000 0.8195 -0.5730
vn -0.9945 0.1045 -0.0000
vn -0.9986 0.0530 -0.0000
vn -0.9779 0.2092 -0.0000
vn -0.9661 0.2583 -0.0000
vn -0.9986 -0.0525 -0.0000
vn -0.9946 -0.1040 -0.0000
vn -0.9327 0.3606 -0.0000
vn -0.9142 0.4054 -0.0000
vn -0.8640 0.5035 -0.0000
vn -0.8403 0.5421 -0.0000
vn -0.7732 0.6342 -0.0000
vn -0.7466 0.6653 -0.0000
vn -0.6624 0.7491 -0.0000
vn -0.6355 0.7721 -0.0000
vn -0.5344 0.8453 -0.0000
vn -0.5097 0.8604 -0.0000
vn -0.3922 0.9199 -0.0000
vn -0.3724 0.9281 -0.0000
vn -0.2375 0.9714 -0.0000
vn -0.2244 0.9745 -0.0000
vn -0.0782 0.9969 -0.0000
vn -0.0740 0.9973 -0.0000
vn 0.0782 0.9969 -0.0000
vn 0.0740 0.9973 -0.0000
vn 0.2375 0.9714 -0.0000
vn 0.2244 0.9745 -0.0000
vn 0.3922 0.9199 -0.0000
vn 0.3724 0.9281 -0.0000
vn 0.5344 0.8453 -0.0000
vn 0.5097 0.8604 -0.0000
vn 0.6624 0.7491 -0.0000
vn 0.6355 0.7721 -0.0000
vn 0.7732 0.6342 -0.0000
vn 0.7466 0.6653 -0.0000
vn 0.8640 0.5035 -0.0000
vn 0.8403 0.5421 -0.0000
vn 0.9327 0.3606 -0.0000
vn 0.9142 0.4054 -0.0000
vn 0.9779 0.2092 -0.0000
vn 0.9661 0.2583 -0.0000
vn 0.9986 0.0530 -0.0000
vn 0.9945 0.1045 -0.0000
vn 0.9946 -0.1040 -0.0000
vn 0.9986 -0.0525 -0.0000
vn 0.9662 -0.2578 -0.0000
vn 0.9780 -0.2087 -0.0000
vn 0.9144 -0.4049 -0.0000
vn 0.9329 -0.3602 -0.0000
vn 0.8406 -0.5417 -0.0000
vn 0.8642 -0.5031 -0.0000
vn 0.7469 -0.6649 -0.0000
vn 0.7734 -0.6339 -0.0000
vn 0.6358 -0.7719 -0.0000
vn 0.6627 -0.7489 -0.0000
vn 0.5100 -0.8602 -0.0000
vn 0.5346 -0.8451 -0.0000
vn 0.3726 -0.9280 -0.0000
vn 0.3924 -0.9198 -0.0000
vn 0.2246 -0.9745 -0.0000
vn 0.2377 -0.9713 -0.0000
vn 0.0741 -0.9973 -0.0000
vn 0.0783 -0.9969 -0.0000
vn -0.0741 -0.9973 -0.0000
vn -0.0783 -0.9969 -0.0000
vn -0.2246 -0.9745 -0.0000
vn -0.2377 -0.9713 -0.0000
vn -0.3726 -0.9280 -0.0000
vn -0.3924 -0.9198 -0.0000
vn -0.5100 -0.8602 -0.0000
vn -0.5346 -0.8451 -0.0000
vn -0.6358 -0.7719 -0.0000
vn -0.6627 -0.7489 -0.0000
vn -0.7469 -0.6649 -0.0000
vn -0.7735 -0.6339 -0.0000
vn -0.8406 -0.5417 -0.0000
vn -0.8642 -0.5031 -0.0000
vn -0.9144 -0.4049 -0.0000
vn -0.9329 -0.3602 -0.0000
vn -0.9662 -0.2578 -0.0000
vn -0.9780 -0.2087 -0.0000
vn 0.5042 -0.8635 0.0123
vn 0.9485 -0.3169 0.0043
vn 0.9082 -0.3671 0.2009
vn 0.5136 -0.8431 0.1590
vn 0.5295 -0.5735 0.6251
vn 0.9347 -0.1894 0.3007
vn 0.4865 -0.4670 0.7384
vn 0.2850 -0.8523 0.4387
vn 0.1602 -0.6187 0.7691
vn 0.1801 -0.8708 0.4574
vn 0.8970 0.4195 -0.1396
vn 0.7299 0.6773 -0.0919
vn 0.7284 0.6803 0.0809
vn 0.8908 0.4380 0.1210
vn -0.2671 0.8917 0.3654
vn -0.1748 0.8533 0.4912
vn 0.1748 0.8533 0.4912
vn 0.2671 0.8917 0.3655
vn -0.2711 0.9511 -0.1479
vn -0.2710 0.9537 0.1301
vn 0.2709 0.9538 0.1301
vn 0.2711 0.9511 -0.1481
vn -0.7209 0.6355 0.2763
vn -0.8908 0.4380 0.1210
vn -0.8804 0.4107 0.2373
vn -0.5709 0.7115 0.4097
vn -0.8970 0.4195 -0.1396
vn -0.7283 0.6804 0.0809
vn -0.7299 0.6773 -0.0917
vn 0.1662 -0.9777 0.1283
vn -0.0000 -0.6355 0.7721
vn -0.0000 -0.8786 0.4776
vn -0.0000 -0.9921 0.1258
vn -0.0000 -0.5351 0.8448
vn -0.5042 -0.8635 0.0123
vn -0.5136 -0.8432 0.1590
vn -0.9082 -0.3671 0.2009
vn -0.9485 -0.3169 0.0042
vn -0.0000 0.9876 -0.1567
vn -0.0000 0.7770 -0.6295
vn -0.0000 0.7770 -0.6296
vn -0.0000 0.3581 -0.9337
vn -0.0000 -0.1567 -0.9876
vn -0.0000 -0.6295 -0.7770
vn -0.0000 -0.9337 -0.3581
vn -0.0000 -0.9876 0.1567
vn -0.0000 -0.7770 0.6295
vn -0.0000 -0.3581 0.9337
vn -0.0000 0.1567 0.9876
vn -0.0000 0.6296 0.7770
vn -0.0000 0.6295 0.7770
vn -0.0000 0.9337 0.3581
vn -0.5295 -0.5735 0.6251
vn -0.4865 -0.4670 0.7384
vn -0.9347 -0.1894 0.3007
vn -0.2850 -0.8523 0.4387
vn -0.1801 -0.8708 0.4574
vn -0.1602 -0.6187 0.7691
vn -0.8908 0.4381 0.1210
vn -0.7299 0.6774 -0.0917
vn -0.2710 0.9511 -0.1479
vn 0.7210 0.6355 0.2764
vn 0.5709 0.7115 0.4097
vn 0.8801 0.4110 0.2375
vn 0.8804 0.4107 0.2373
vn 0.8908 0.4381 0.1210
vn -0.1662 -0.9777 0.1283
vn -0.9999 0.0037 -0.0136
vn -0.7036 0.6553 -0.2748
vn -1.0000 -0.0071 -0.0066
vn -0.0000 0.6753 0.7376
vn -0.0000 0.9957 0.0922
vn -0.0000 0.9223 -0.3864
vn -0.0000 0.9224 -0.3862
vn 0.2664 0.8625 -0.4303
vn 0.7215 0.6112 -0.3253
vn 0.6016 0.6472 -0.4683
vn 0.1928 0.7952 -0.5749
vn -0.5708 0.7115 0.4097
vn 0.6016 0.6472 -0.4682
vn -0.2664 0.8624 -0.4304
vn -0.7216 0.6111 -0.3254
vn -0.2663 0.8624 -0.4304
vn -0.6969 0.6638 -0.2716
vn -0.9135 0.3763 -0.1544
vn -0.9143 0.4034 0.0378
vn -0.8201 0.5698 0.0533
vn -0.9218 0.2582 0.2891
vn -0.7940 0.4112 0.4478
vn -0.9007 0.1977 0.3867
vn -0.7775 0.2980 0.5538
vn -0.9975 0.0647 -0.0293
vn -0.9966 0.0789 -0.0225
vn -0.9954 0.0835 0.0470
vn -0.9962 0.0663 0.0563
vn -0.9976 0.0042 0.0698
vn -0.9994 -0.0001 0.0344
vn -0.9997 0.0105 -0.0228
vn 0.9999 0.0037 -0.0136
vn 1.0000 -0.0071 -0.0066
vn 0.7036 0.6553 -0.2748
vn 0.6969 0.6638 -0.2716
vn 0.8201 0.5698 0.0532
vn 0.9143 0.4033 0.0378
vn 0.9135 0.3763 -0.1544
vn 0.7940 0.4111 0.4477
vn 0.9218 0.2582 0.2891
vn 0.7775 0.2980 0.5538
vn 0.9007 0.1977 0.3868
vn 0.9966 0.0789 -0.0225
vn 0.9975 0.0647 -0.0293
vn 0.9954 0.0835 0.0470
vn 0.9962 0.0663 0.0563
vn 0.9976 0.0042 0.0698
vn 0.9994 -0.0001 0.0345
vn 0.9997 0.0105 -0.0228
vn 0.1680 -0.9857 0.0142
vn -0.1680 -0.9857 0.0143
vn -0.0000 -0.9999 0.0145
vn 0.5708 0.7115 0.4097
vn 0.8803 0.4108 0.2374
vn 0.8881 0.3719 -0.2703
vn -0.1928 0.7952 -0.5749
vn -0.8881 0.3719 -0.2703
vn -0.6016 0.6472 -0.4682
vn -0.8881 0.3718 -0.2702
vn -0.8803 0.4107 0.2373
vn -0.6016 0.6472 -0.4683
vn -0.8879 0.3722 -0.2705
vn 0.1830 -0.5260 0.8305
vn -0.1831 -0.5260 0.8305
vn -0.0000 0.4734 0.8808
vn -0.6212 0.7232 -0.3017
vn -0.9995 -0.0280 0.0171
vn 0.9223 -0.3839 -0.0438
vn -0.9871 -0.1600 -0.0016
vn 0.6212 0.7232 -0.3017
vn 0.9995 -0.0281 0.0171
vn -0.9223 -0.3839 -0.0438
vn 0.9871 -0.1600 -0.0016
vn -0.9939 0.1101 -0.0000
vn -0.9202 0.3615 -0.1503
vn -0.9225 0.3569 -0.1471
vn -0.9256 0.3481 -0.1483
vn -0.9952 0.0982 -0.0000
vn -0.9238 0.3519 -0.1510
vn -0.9201 0.3617 -0.1504
vn -0.9224 0.3571 -0.1472
vn -0.9256 0.3483 -0.1484
vn -0.9237 0.3521 -0.1511
vn -0.9200 0.3618 -0.1505
vn -0.9223 0.3572 -0.1473
vn -0.9255 0.3484 -0.1485
vn -0.9236 0.3523 -0.1512
vn -0.9223 0.3574 -0.1474
vn -0.9199 0.3620 -0.1506
vn -0.9235 0.3524 -0.1514
vn -0.9254 0.3486 -0.1486
vn -0.4121 0.8000 -0.4361
vn -0.0000 0.8660 -0.5000
vn -0.4343 0.7918 -0.4295
vn -0.3247 -0.4487 -0.8326
vn -0.4844 -0.3974 -0.7794
vn -0.4027 -0.1073 -0.9090
vn -0.5096 0.0181 -0.8602
vn -0.3248 -0.4487 -0.8326
vn -0.4845 -0.3974 -0.7793
vn -0.4026 -0.1073 -0.9091
vn -0.5092 0.0181 -0.8604
vn -0.4120 0.8001 -0.4361
vn -0.4341 0.7919 -0.4295
vn -0.3249 -0.4486 -0.8326
vn -0.4847 -0.3973 -0.7792
vn -0.4024 -0.1073 -0.9092
vn -0.5090 0.0180 -0.8606
vn -0.4118 0.8001 -0.4362
vn -0.4339 0.7920 -0.4296
vn -0.3250 -0.4486 -0.8326
vn -0.4849 -0.3972 -0.7792
vn -0.4022 -0.1074 -0.9092
vn -0.5088 0.0180 -0.8607
vn -0.4116 0.8002 -0.4362
vn -0.4337 0.7920 -0.4296
vn -0.1108 0.6019 0.7908
vn -0.3742 0.7363 0.5638
vn -0.3481 0.4973 0.7947
vn -0.4189 0.4854 0.7674
vn -0.1108 0.6019 0.7909
vn -0.3740 0.7363 0.5639
vn -0.3482 0.4973 0.7946
vn -0.4190 0.4853 0.7674
vn -0.1108 0.6018 0.7909
vn -0.3738 0.7364 0.5639
vn -0.3483 0.4973 0.7946
vn -0.4192 0.4853 0.7673
vn -0.3733 0.7367 0.5638
vn -0.3482 0.4968 0.7950
vn -0.4200 0.4845 0.7674
vn -0.8378 0.4900 0.2406
vn -0.7710 -0.2597 -0.5815
vn -0.7714 -0.2607 -0.5804
vn -0.7840 -0.0243 -0.6203
vn -0.4017 -0.1108 -0.9090
vn -0.4805 -0.4033 -0.7788
vn -0.7714 -0.2608 -0.5805
vn -0.4496 0.7481 0.4880
vn -0.3443 0.9388 -0.0020
vn -0.2584 0.2732 -0.9266
vn -0.2663 0.9327 0.2430
vn -0.7558 0.5350 0.3776
vn -0.3768 0.7343 0.5646
vn -0.6851 0.4817 0.5465
vn -0.1532 0.9017 0.4044
vn -0.7349 0.3932 0.5526
vn -0.7350 0.3931 0.5525
vn -0.7556 0.5351 0.3778
vn -0.2663 0.9328 0.2430
vn -0.3444 0.9388 -0.0021
vn -0.4498 0.7478 0.4883
vn -0.8376 0.4902 0.2411
vn -0.7712 -0.2595 -0.5813
vn -0.6848 0.4818 0.5467
vn -0.1530 0.9017 0.4044
vn -0.7351 0.3931 0.5524
vn -0.7554 0.5353 0.3781
vn -0.3766 0.7344 0.5647
vn -0.2662 0.9328 0.2431
vn -0.3442 0.9389 -0.0020
vn -0.4495 0.7479 0.4884
vn -0.8374 0.4905 0.2412
vn -0.7714 -0.2594 -0.5810
vn -0.6844 0.4820 0.5470
vn -0.1528 0.9017 0.4044
vn -0.7353 0.3930 0.5522
vn -0.7352 0.3930 0.5523
vn -0.7551 0.5354 0.3783
vn -0.3764 0.7344 0.5647
vn -0.2661 0.9328 0.2431
vn -0.3440 0.9390 -0.0018
vn -0.4493 0.7480 0.4885
vn -0.8372 0.4908 0.2414
vn -0.7716 -0.2592 -0.5808
vn -0.6824 0.4837 0.5480
vn -0.1526 0.9018 0.4043
vn -0.7549 0.5356 0.3786
vn -0.3762 0.7346 0.5647
vn -0.2659 0.9328 0.2431
vn -0.7522 0.5400 0.3776
vn -0.7320 0.3997 0.5518
vn -0.2644 0.9335 0.2424
vn -0.7854 -0.0152 -0.6188
vn -0.2561 0.2760 -0.9264
vn -0.7734 -0.2519 -0.5817
vn -0.7733 -0.2520 -0.5818
vn -0.7852 -0.0154 -0.6191
vn -0.2560 0.2760 -0.9264
vn -0.7736 -0.2518 -0.5815
vn -0.7735 -0.2518 -0.5816
vn -0.7520 0.5402 0.3779
vn -0.7322 0.3996 0.5516
vn -0.2643 0.9335 0.2424
vn -0.7849 -0.0155 -0.6194
vn -0.2559 0.2760 -0.9265
vn -0.7738 -0.2516 -0.5813
vn -0.7737 -0.2517 -0.5814
vn -0.7517 0.5403 0.3781
vn -0.7323 0.3995 0.5514
vn -0.2642 0.9335 0.2424
vn -0.7846 -0.0157 -0.6197
vn -0.2557 0.2760 -0.9265
vn -0.7740 -0.2515 -0.5810
vn -0.7740 -0.2515 -0.5811
vn -0.7516 0.5410 0.3774
vn -0.7336 0.3977 0.5510
vn -0.2640 0.9335 0.2425
vn -0.9238 0.3518 -0.1510
vn -0.4163 0.7973 -0.4371
vn -0.4351 0.7902 -0.4315
vn -0.4357 0.7900 -0.4313
vn -0.4162 0.7973 -0.4372
vn -0.4356 0.7901 -0.4314
vn -0.4160 0.7974 -0.4372
vn -0.4354 0.7901 -0.4315
vn -0.4158 0.7974 -0.4373
vn -0.7363 0.3902 0.5528
vn -0.3471 0.4938 0.7973
vn -0.4352 0.7902 -0.4315
vn -0.4157 0.7975 -0.4373
vn -0.7351 0.3919 0.5532
vn 0.1108 0.6019 0.7909
vn 0.3740 0.7363 0.5639
vn 0.1108 0.6019 0.7908
vn 0.3741 0.7363 0.5638
vn 0.4163 0.7972 -0.4371
vn 0.4351 0.7902 -0.4315
vn 0.4121 0.8000 -0.4361
vn 0.4162 0.7973 -0.4372
vn 0.4357 0.7900 -0.4313
vn 0.4120 0.8001 -0.4361
vn 0.4160 0.7974 -0.4372
vn 0.4356 0.7900 -0.4314
vn 0.4118 0.8001 -0.4362
vn 0.4116 0.8002 -0.4362
vn 0.3471 0.4938 0.7973
vn 0.3762 0.7346 0.5647
vn 0.3440 0.9390 -0.0018
vn 0.4493 0.7480 0.4885
vn 0.1530 0.9017 0.4044
vn 0.3443 0.9388 -0.0020
vn 0.4496 0.7481 0.4881
vn 0.2644 0.9335 0.2424
vn 0.2643 0.9335 0.2424
vn 0.2659 0.9328 0.2431
vn 0.9939 0.1101 -0.0000
vn 0.9225 0.3569 -0.1471
vn 0.9202 0.3615 -0.1504
vn 0.9256 0.3481 -0.1483
vn 0.9238 0.3519 -0.1510
vn 0.9952 0.0982 -0.0000
vn 0.9224 0.3571 -0.1472
vn 0.9201 0.3616 -0.1504
vn 0.9201 0.3617 -0.1504
vn 0.9256 0.3483 -0.1484
vn 0.9237 0.3521 -0.1511
vn 0.9223 0.3572 -0.1473
vn 0.9200 0.3618 -0.1505
vn 0.9255 0.3485 -0.1485
vn 0.9236 0.3523 -0.1512
vn 0.9223 0.3574 -0.1474
vn 0.9199 0.3620 -0.1506
vn 0.9254 0.3486 -0.1486
vn 0.9235 0.3524 -0.1514
vn 0.9235 0.3525 -0.1513
vn 0.4343 0.7918 -0.4295
vn 0.3247 -0.4487 -0.8326
vn 0.5096 0.0181 -0.8602
vn 0.4028 -0.1073 -0.9090
vn 0.4844 -0.3974 -0.7794
vn 0.3248 -0.4486 -0.8326
vn 0.5093 0.0181 -0.8604
vn 0.4026 -0.1073 -0.9091
vn 0.4845 -0.3974 -0.7793
vn 0.4341 0.7919 -0.4295
vn 0.3249 -0.4486 -0.8326
vn 0.5090 0.0180 -0.8606
vn 0.4024 -0.1073 -0.9091
vn 0.4847 -0.3973 -0.7792
vn 0.4339 0.7920 -0.4296
vn 0.3250 -0.4486 -0.8326
vn 0.5088 0.0180 -0.8607
vn 0.4022 -0.1074 -0.9092
vn 0.4849 -0.3972 -0.7792
vn 0.4337 0.7920 -0.4296
vn 0.4189 0.4854 0.7674
vn 0.3481 0.4973 0.7947
vn 0.4190 0.4853 0.7674
vn 0.3482 0.4973 0.7946
vn 0.1108 0.6018 0.7909
vn 0.4192 0.4853 0.7673
vn 0.3483 0.4973 0.7946
vn 0.3738 0.7364 0.5639
vn 0.4200 0.4845 0.7674
vn 0.3482 0.4968 0.7950
vn 0.3734 0.7367 0.5638
vn 0.8378 0.4900 0.2406
vn 0.7710 -0.2596 -0.5815
vn 0.7714 -0.2607 -0.5805
vn 0.4805 -0.4033 -0.7788
vn 0.4017 -0.1108 -0.9090
vn 0.7840 -0.0243 -0.6202
vn 0.2584 0.2732 -0.9266
vn 0.2663 0.9327 0.2430
vn 0.3768 0.7343 0.5646
vn 0.7558 0.5350 0.3776
vn 0.1532 0.9016 0.4044
vn 0.6851 0.4817 0.5465
vn 0.7349 0.3932 0.5526
vn 0.7556 0.5351 0.3778
vn 0.2663 0.9328 0.2430
vn 0.3767 0.7343 0.5646
vn 0.3444 0.9388 -0.0022
vn 0.8376 0.4902 0.2411
vn 0.4497 0.7479 0.4883
vn 0.7712 -0.2595 -0.5813
vn 0.6848 0.4818 0.5467
vn 0.7351 0.3931 0.5524
vn 0.7554 0.5352 0.3781
vn 0.2662 0.9328 0.2431
vn 0.3766 0.7344 0.5647
vn 0.3442 0.9389 -0.0020
vn 0.8374 0.4905 0.2412
vn 0.4495 0.7479 0.4884
vn 0.7714 -0.2594 -0.5811
vn 0.6844 0.4820 0.5470
vn 0.1528 0.9017 0.4044
vn 0.7353 0.3930 0.5522
vn 0.7551 0.5354 0.3783
vn 0.2661 0.9328 0.2431
vn 0.3764 0.7344 0.5647
vn 0.8372 0.4908 0.2413
vn 0.7717 -0.2592 -0.5808
vn 0.6824 0.4837 0.5480
vn 0.1526 0.9018 0.4043
vn 0.7549 0.5356 0.3786
vn 0.7522 0.5400 0.3776
vn 0.7319 0.3997 0.5518
vn 0.2561 0.2760 -0.9264
vn 0.7854 -0.0152 -0.6188
vn 0.7734 -0.2519 -0.5817
vn 0.2560 0.2760 -0.9264
vn 0.7852 -0.0154 -0.6191
vn 0.7736 -0.2518 -0.5815
vn 0.7520 0.5401 0.3779
vn 0.7322 0.3996 0.5516
vn 0.2559 0.2760 -0.9265
vn 0.7849 -0.0155 -0.6194
vn 0.7738 -0.2516 -0.5813
vn 0.7517 0.5403 0.3782
vn 0.7324 0.3995 0.5514
vn 0.2642 0.9335 0.2425
vn 0.2557 0.2760 -0.9265
vn 0.7847 -0.0157 -0.6197
vn 0.7741 -0.2515 -0.5810
vn 0.7336 0.3977 0.5510
vn 0.7516 0.5410 0.3774
vn 0.2640 0.9335 0.2425
vn 0.9238 0.3518 -0.1510
vn 0.4354 0.7901 -0.4315
vn 0.4158 0.7974 -0.4373
vn 0.7358 0.3904 0.5533
vn 0.7363 0.3902 0.5528
vn 0.4352 0.7902 -0.4315
vn 0.4157 0.7975 -0.4373
vn 0.7352 0.3919 0.5532
vn -0.9317 -0.0591 0.3585
vn -0.9347 -0.0068 0.3553
vn -0.5639 -0.0161 0.8257
vn -0.5574 -0.1401 0.8184
vn -0.9344 0.0505 0.3526
vn -0.5625 0.1236 0.8175
vn -0.9319 0.1001 0.3487
vn -0.5547 0.2384 0.7972
vn -0.9689 -0.2475 0.0006
vn -0.9384 -0.0457 0.3425
vn -0.5516 0.1223 0.8251
vn -0.5351 -0.1940 0.8222
vn -0.1870 -0.1664 0.9682
vn -0.1785 -0.2259 0.9576
vn 0.1870 -0.1664 0.9682
vn 0.1785 -0.2259 0.9576
vn -0.1880 0.1482 0.9709
vn -0.1901 -0.0188 0.9816
vn -0.0004 -1.0000 0.0025
vn -0.0861 -0.9963 0.0025
vn -0.1298 -0.9915 0.0026
vn -0.0005 -1.0000 0.0025
vn -0.5403 -0.0083 0.8415
vn -0.1886 -0.0633 0.9800
vn -0.1823 0.1358 0.9738
vn -0.1821 0.2833 0.9416
vn -0.7829 0.0929 0.6152
vn -0.9044 -0.0977 0.4154
vn -0.2712 -0.9625 0.0025
vn -0.2698 -0.9629 0.0025
vn 0.1901 -0.0188 0.9816
vn 0.1880 0.1482 0.9709
vn 0.1823 0.1358 0.9738
vn 0.1821 0.2833 0.9416
vn 0.1886 -0.0633 0.9800
vn 0.9317 -0.0593 0.3583
vn 0.5571 -0.1404 0.8185
vn 0.5639 -0.0161 0.8257
vn 0.9347 -0.0068 0.3553
vn 0.5625 0.1236 0.8175
vn 0.9344 0.0505 0.3526
vn 0.9319 0.1001 0.3487
vn 0.5547 0.2384 0.7972
vn 0.5516 0.1223 0.8251
vn 0.9384 -0.0457 0.3425
vn 0.9689 -0.2476 0.0007
vn 0.9046 -0.0970 0.4150
vn 0.5348 -0.1936 0.8225
vn 0.2712 -0.9625 0.0025
vn 0.0861 -0.9963 0.0025
vn 0.1298 -0.9915 0.0026
vn 0.2698 -0.9629 0.0025
vn 0.0004 -1.0000 0.0025
vn 0.0005 -1.0000 0.0025
vn 0.5403 -0.0083 0.8415
vn 0.7829 0.0929 0.6152
vn 0.9294 -0.3692 0.0010
vn -0.9294 -0.3692 0.0010
vn -0.1430 -0.9895 -0.0222
vn -0.1093 -0.9914 -0.0720
vn 0.1091 -0.9914 -0.0717
vn 0.1426 -0.9895 -0.0220
vn 0.1374 -0.9889 0.0567
vn -0.1375 -0.9889 0.0564
vn -0.1374 -0.9733 0.1837
vn 0.1376 -0.9733 0.1839
vn 0.1370 -0.9515 0.2754
vn 0.1390 -0.9350 0.3262
vn -0.1386 -0.9351 0.3260
vn -0.1366 -0.9515 0.2755
vn -0.2561 -0.9662 0.0285
vn -0.2402 -0.9690 -0.0581
vn -0.1470 -0.9803 -0.1321
vn -0.0571 -0.9804 -0.1884
vn -0.0281 -0.9926 -0.1179
vn 0.0566 -0.9803 -0.1891
vn 0.0274 -0.9927 -0.1177
vn -0.1606 -0.9102 0.3819
vn -0.2676 -0.9235 0.2748
vn -0.0378 -0.9196 0.3911
vn -0.0629 -0.8948 0.4419
vn -0.2716 -0.9476 0.1684
vn 0.2417 -0.9686 -0.0574
vn 0.1479 -0.9801 -0.1323
vn 0.2584 -0.9656 0.0297
vn 0.2733 -0.9470 0.1690
vn 0.2685 -0.9233 0.2745
vn 0.1583 -0.9105 0.3820
vn 0.0631 -0.8953 0.4409
vn 0.0386 -0.9195 0.3911
vn -0.2769 -0.0000 -0.9609
vn 0.2759 -0.0000 -0.9612
vn 0.2766 -0.0000 -0.9610
vn -0.2776 -0.0000 -0.9607
vn 0.3914 -0.0000 0.9202
vn 0.9383 -0.0000 0.3457
vn 0.8815 -0.0000 0.4722
vn 0.3410 -0.0000 0.9401
vn -0.8816 -0.0000 0.4721
vn -0.9999 -0.0000 0.0157
vn -0.9999 -0.0000 0.0111
vn -0.9381 -0.0000 0.3463
vn -1.0000 -0.0000 0.0008
vn -1.0000 -0.0000 0.0007
vn -0.9997 -0.0000 -0.0238
vn -0.9998 -0.0000 -0.0223
vn -0.9860 -0.0000 -0.1665
vn -0.9862 -0.0000 -0.1654
vn 1.0000 -0.0000 0.0013
vn 0.9998 -0.0000 -0.0203
vn 0.9998 -0.0000 -0.0189
vn 1.0000 -0.0000 0.0008
vn 0.9869 -0.0000 -0.1614
vn 0.9867 -0.0000 -0.1625
vn -0.3924 -0.0000 0.9198
vn -0.3418 -0.0000 0.9398
vn 0.7987 -0.0000 -0.6017
vn 0.7971 -0.0000 -0.6039
vn -0.7983 -0.0000 -0.6022
vn -0.7967 -0.0000 -0.6044
vn 1.0000 -0.0000 0.0091
vn 0.9999 -0.0000 0.0136
vn -0.1382 0.9530 -0.2697
vn 0.1385 0.9530 -0.2694
vn 0.1356 0.9521 -0.2740
vn -0.1351 0.9523 -0.2737
vn 0.1104 0.9922 -0.0574
vn -0.1107 0.9922 -0.0577
vn -0.1421 0.9898 -0.0098
vn 0.1427 0.9897 -0.0090
vn 0.1380 0.9728 -0.1861
vn 0.1445 0.9876 -0.0608
vn -0.1436 0.9877 -0.0617
vn -0.1373 0.9729 -0.1859
vn -0.1490 0.9817 -0.1187
vn -0.2411 0.9695 -0.0447
vn -0.2906 0.9558 -0.0436
vn 0.0278 0.9941 -0.1044
vn -0.0285 0.9941 -0.1045
vn -0.0581 0.9826 -0.1764
vn -0.2655 0.9267 -0.2659
vn -0.1699 0.9630 -0.2093
vn -0.0395 0.9788 -0.2011
vn -0.0698 0.9874 -0.1418
vn 0.0701 0.9872 -0.1430
vn 0.0403 0.9787 -0.2011
vn -0.2762 0.9470 -0.1638
vn 0.2428 0.9691 -0.0434
vn 0.2918 0.9556 -0.0419
vn 0.1500 0.9815 -0.1191
vn 0.0576 0.9825 -0.1773
vn 0.2766 0.9469 -0.1642
vn 0.2662 0.9264 -0.2664
vn 0.1678 0.9633 -0.2093
vt 0.375644 0.170935
vt 0.354969 0.182158
vt 0.355416 0.155316
vt 0.376538 0.146514
vt 0.376379 0.202082
vt 0.355098 0.213839
vt 0.381448 0.092147
vt 0.358076 0.077934
vt 0.356988 0.052547
vt 0.380613 0.072862
vt 0.378536 0.126912
vt 0.356198 0.131517
vt 0.356847 0.114586
vt 0.380188 0.115702
vt 0.273469 0.291672
vt 0.295032 0.298242
vt 0.296365 0.336620
vt 0.276124 0.332697
vt 0.271431 0.262002
vt 0.293895 0.271231
vt 0.271746 0.231950
vt 0.293839 0.243089
vt 0.273292 0.201383
vt 0.294411 0.213429
vt 0.380468 0.046708
vt 0.380462 0.049945
vt 0.355519 0.023572
vt 0.356455 0.020708
vt 0.170238 0.029848
vt 0.170730 0.031836
vt 0.020406 0.111609
vt 0.017068 0.111144
vt 0.380216 0.054650
vt 0.355022 0.028885
vt 0.357755 0.097627
vt 0.381383 0.105309
vt 0.269798 0.091526
vt 0.293212 0.077466
vt 0.293322 0.097197
vt 0.269639 0.104624
vt 0.272156 0.126210
vt 0.294425 0.131114
vt 0.294883 0.154918
vt 0.273883 0.145829
vt 0.373554 0.387960
vt 0.352367 0.389196
vt 0.352063 0.361093
vt 0.373080 0.359006
vt 0.351436 0.337006
vt 0.371731 0.333368
vt 0.294967 0.181759
vt 0.274447 0.170255
vt 0.353309 0.298647
vt 0.374961 0.292380
vt 0.354822 0.271651
vt 0.377411 0.262735
vt 0.355266 0.243509
vt 0.377510 0.232674
vt 0.270697 0.072204
vt 0.294477 0.052051
vt 0.270666 0.114995
vt 0.294009 0.114176
vt 0.025535 0.112333
vt 0.171509 0.034904
vt 0.577964 0.114625
vt 0.574614 0.115101
vt 0.422982 0.035395
vt 0.423457 0.033405
vt 0.271150 0.045865
vt 0.295398 0.020031
vt 0.296289 0.022959
vt 0.271114 0.049120
vt 0.296751 0.028367
vt 0.271287 0.053881
vt 0.569473 0.115833
vt 0.422250 0.038448
vt 0.411723 0.356179
vt 0.506692 0.394983
vt 0.441332 0.385454
vt 0.184828 0.344332
vt 0.173362 0.353198
vt 0.177404 0.330995
vt 0.274413 0.358310
vt 0.295398 0.360693
vt 0.294696 0.388788
vt 0.273530 0.387254
vt 0.179230 0.163595
vt 0.191835 0.159276
vt 0.187652 0.295876
vt 0.171486 0.301149
vt 0.212743 0.154599
vt 0.211345 0.290319
vt 0.415361 0.167975
vt 0.402234 0.163408
vt 0.405133 0.031046
vt 0.253172 0.157954
vt 0.231909 0.153915
vt 0.231227 0.019886
vt 0.255303 0.026829
vt 0.188278 0.027702
vt 0.211992 0.020290
vt 0.400790 0.345245
vt 0.388225 0.333559
vt 0.398715 0.324601
vt 0.411561 0.334204
vt 0.260964 0.324448
vt 0.237597 0.326977
vt 0.235472 0.314448
vt 0.259079 0.312239
vt 0.233052 0.302379
vt 0.256797 0.301759
vt 0.405624 0.313199
vt 0.419873 0.320460
vt 0.352530 0.479862
vt 0.339526 0.489290
vt 0.337494 0.480357
vt 0.341622 0.474961
vt 0.282813 0.482928
vt 0.324618 0.492636
vt 0.282773 0.493267
vt 0.259684 0.493391
vt 0.259534 0.483083
vt 0.407405 0.300090
vt 0.421988 0.306116
vt 0.254593 0.291869
vt 0.231368 0.288856
vt 0.172162 0.315809
vt 0.188491 0.310413
vt 0.192415 0.324227
vt 0.212643 0.304810
vt 0.215510 0.317448
vt 0.220025 0.329727
vt 0.198715 0.336707
vt 0.336296 0.218614
vt 0.336539 0.186482
vt 0.336915 0.158453
vt 0.337826 0.072050
vt 0.337735 0.043450
vt 0.337274 0.132911
vt 0.337445 0.113875
vt 0.312845 0.275308
vt 0.312670 0.301175
vt 0.312481 0.338475
vt 0.313269 0.218457
vt 0.313045 0.247907
vt 0.337016 0.015672
vt 0.337668 0.094505
vt 0.313631 0.071875
vt 0.313539 0.094342
vt 0.313446 0.132753
vt 0.313462 0.158296
vt 0.335326 0.389964
vt 0.335325 0.362180
vt 0.335416 0.338635
vt 0.313461 0.186326
vt 0.335751 0.301336
vt 0.335937 0.275468
vt 0.336117 0.248065
vt 0.314042 0.043272
vt 0.313524 0.113717
vt 0.308268 0.013350
vt 0.307078 0.010637
vt 0.315218 0.015568
vt 0.312239 0.362018
vt 0.311845 0.389800
vt 0.436315 0.394782
vt 0.458439 0.400647
vt 0.453513 0.410019
vt 0.201591 0.346775
vt 0.222438 0.339832
vt 0.188317 0.354303
vt 0.110812 0.409627
vt 0.107157 0.399770
vt 0.122811 0.392192
vt 0.126525 0.402040
vt 0.293980 0.399269
vt 0.311484 0.400243
vt 0.374090 0.398584
vt 0.352937 0.399688
vt 0.087982 0.417346
vt 0.084157 0.407516
vt 0.406398 0.365363
vt 0.395085 0.354179
vt 0.176978 0.363013
vt 0.145132 0.388951
vt 0.141285 0.379135
vt 0.495116 0.420966
vt 0.490004 0.430254
vt 0.468252 0.419546
vt 0.473177 0.410186
vt 0.272844 0.397869
vt 0.263681 0.334396
vt 0.239925 0.337029
vt 0.382201 0.342195
vt 0.335539 0.400410
vt 0.203762 0.426740
vt 0.197420 0.440875
vt 0.194418 0.440422
vt 0.201734 0.425076
vt 0.218030 0.411552
vt 0.218671 0.414538
vt 0.242056 0.407894
vt 0.242136 0.411213
vt 0.259747 0.407612
vt 0.259646 0.410937
vt 0.282879 0.407588
vt 0.282736 0.410910
vt 0.324918 0.407936
vt 0.324590 0.411231
vt 0.340481 0.411503
vt 0.339525 0.414489
vt 0.354800 0.421819
vt 0.352549 0.423903
vt 0.368513 0.442114
vt 0.364661 0.442638
vt 0.364651 0.461033
vt 0.368505 0.461542
vt 0.354784 0.481939
vt 0.340493 0.492271
vt 0.324963 0.495919
vt 0.282934 0.496554
vt 0.259803 0.496676
vt 0.242108 0.496493
vt 0.242172 0.493207
vt 0.218059 0.492946
vt 0.218689 0.489974
vt 0.201724 0.479457
vt 0.203749 0.477799
vt 0.194385 0.463981
vt 0.197386 0.463556
vt 0.343963 0.013498
vt 0.345255 0.010783
vt 0.217968 0.423653
vt 0.211205 0.426055
vt 0.208826 0.430565
vt 0.208685 0.440757
vt 0.341647 0.428908
vt 0.337525 0.423491
vt 0.314800 0.010304
vt 0.337541 0.010409
vt 0.338140 0.007459
vt 0.314248 0.007347
vt 0.211187 0.478561
vt 0.217952 0.480974
vt 0.208799 0.474071
vt 0.208653 0.463907
vt 0.241914 0.482916
vt 0.241932 0.421741
vt 0.259554 0.421521
vt 0.282833 0.421487
vt 0.260053 0.480494
vt 0.283000 0.480333
vt 0.335814 0.478157
vt 0.213407 0.428191
vt 0.211358 0.432220
vt 0.211257 0.441236
vt 0.339495 0.473502
vt 0.339534 0.430394
vt 0.335857 0.425718
vt 0.211230 0.463434
vt 0.211322 0.472421
vt 0.213376 0.476430
vt 0.219543 0.478597
vt 0.242638 0.480303
vt 0.242664 0.424348
vt 0.219570 0.426032
vt 0.260082 0.424102
vt 0.283031 0.424078
vt 0.333824 0.473211
vt 0.333868 0.430652
vt 0.330844 0.474719
vt 0.283463 0.475672
vt 0.260523 0.475833
vt 0.243272 0.475647
vt 0.222420 0.474281
vt 0.217795 0.472782
vt 0.216329 0.470393
vt 0.216368 0.434261
vt 0.222451 0.430351
vt 0.217833 0.431849
vt 0.243305 0.429001
vt 0.260573 0.428759
vt 0.283527 0.428734
vt 0.330902 0.429173
vt 0.163286 0.520379
vt 0.147284 0.503946
vt 0.168393 0.472694
vt 0.137240 0.489966
vt 0.127559 0.471461
vt 0.125619 0.466899
vt 0.167979 0.471232
vt 0.125140 0.463888
vt 0.129425 0.427721
vt 0.172346 0.432671
vt 0.168028 0.469108
vt 0.130593 0.424898
vt 0.172794 0.430581
vt 0.133535 0.420930
vt 0.147268 0.405207
vt 0.173532 0.429268
vt 0.160308 0.393951
vt 0.179711 0.381699
vt 0.210750 0.369485
vt 0.220955 0.358261
vt 0.224192 0.357253
vt 0.214282 0.367502
vt 0.255006 0.386674
vt 0.245241 0.397074
vt 0.200846 0.554532
vt 0.197928 0.552793
vt 0.190622 0.539493
vt 0.193611 0.542243
vt 0.335624 0.502944
vt 0.335162 0.563424
vt 0.296415 0.563075
vt 0.298858 0.501826
vt 0.214111 0.562060
vt 0.213582 0.501580
vt 0.214389 0.501576
vt 0.215515 0.501582
vt 0.234684 0.501733
vt 0.235144 0.562226
vt 0.235815 0.501745
vt 0.236472 0.501760
vt 0.274173 0.562855
vt 0.272983 0.501560
vt 0.296929 0.501881
vt 0.297134 0.502555
vt 0.274619 0.502341
vt 0.274858 0.501682
vt 0.100050 0.058026
vt 0.005669 0.059237
vt 0.005828 0.005057
vt 0.100183 0.006801
vt 0.076233 0.380371
vt 0.072483 0.357990
vt 0.515223 0.372307
vt 0.073242 0.320460
vt 0.518766 0.332959
vt 0.076189 0.294421
vt 0.517872 0.304868
vt 0.078851 0.267943
vt 0.516228 0.276382
vt 0.082114 0.240617
vt 0.512976 0.247020
vt 0.087838 0.210873
vt 0.507201 0.216254
vt 0.093151 0.185561
vt 0.501943 0.190371
vt 0.094242 0.162312
vt 0.500859 0.166675
vt 0.089989 0.146389
vt 0.505006 0.150351
vt 0.080970 0.132728
vt 0.513889 0.136514
vt 0.066221 0.122109
vt 0.528622 0.125779
vt 0.044876 0.115463
vt 0.550043 0.119031
vt 0.689754 0.989600
vt 0.688193 0.989858
vt 0.688797 0.987587
vt 0.690516 0.987970
vt 0.481720 0.968264
vt 0.481572 0.965842
vt 0.694970 0.973717
vt 0.696703 0.974234
vt 0.688208 0.902298
vt 0.689806 0.900643
vt 0.689649 0.904353
vt 0.707158 0.868991
vt 0.709130 0.869332
vt 0.894790 0.891991
vt 0.895826 0.897289
vt 0.733669 0.904583
vt 0.753264 0.869382
vt 0.895734 0.886700
vt 0.913219 0.749995
vt 0.912886 0.752588
vt 0.766232 0.752489
vt 0.707928 0.752449
vt 0.707772 0.749855
vt 0.766257 0.749895
vt 0.711615 0.948255
vt 0.710379 0.945935
vt 0.714836 0.947825
vt 0.909207 0.945883
vt 0.903258 0.904741
vt 0.908369 0.905756
vt 0.864937 0.292935
vt 0.867515 0.221163
vt 0.869993 0.220997
vt 0.867291 0.292488
vt 0.685123 0.902592
vt 0.964087 0.867218
vt 0.966324 0.867404
vt 0.967265 0.869149
vt 0.964500 0.869413
vt 0.976089 0.900940
vt 0.973127 0.901082
vt 0.102466 0.839671
vt 0.100011 0.839034
vt 0.099806 0.837039
vt 0.103026 0.837039
vt 0.973137 0.902727
vt 0.976115 0.902692
vt 0.975281 0.904695
vt 0.972301 0.904609
vt 0.708261 0.867241
vt 0.710055 0.867156
vt 0.754260 0.867186
vt 0.904261 0.869396
vt 0.898652 0.882229
vt 0.904331 0.867206
vt 0.898834 0.901741
vt 0.949297 0.946100
vt 0.946343 0.945869
vt 0.947928 0.947715
vt 0.945418 0.947848
vt 0.723327 0.922998
vt 0.410198 0.962603
vt 0.408250 0.962622
vt 0.406897 0.961050
vt 0.409164 0.960635
vt 0.404816 0.958612
vt 0.407507 0.958342
vt 0.022267 0.987241
vt 0.020198 0.986517
vt 0.019810 0.984671
vt 0.022151 0.984855
vt 0.380263 0.901355
vt 0.381828 0.900473
vt 0.383157 0.902381
vt 0.381086 0.902545
vt 0.421430 0.923137
vt 0.482197 0.961643
vt 0.861823 0.370377
vt 0.861912 0.601279
vt 0.859499 0.600883
vt 0.859389 0.370024
vt 0.872827 0.645561
vt 0.874418 0.645507
vt 0.874616 0.647343
vt 0.872494 0.646947
vt 0.958327 0.750558
vt 0.958285 0.752485
vt 0.956127 0.752621
vt 0.956551 0.750042
vt 0.010882 0.837651
vt 0.011025 0.835620
vt 0.013193 0.836144
vt 0.012783 0.838690
vt 0.871765 0.644305
vt 0.873623 0.643974
vt 0.863884 0.632308
vt 0.866073 0.631981
vt 0.047012 0.846612
vt 0.046878 0.844157
vt 0.048983 0.844139
vt 0.049375 0.846692
vt 0.354919 0.987662
vt 0.354659 0.984992
vt 0.356639 0.984727
vt 0.357327 0.987052
vt 0.861967 0.604008
vt 0.859233 0.604043
vt 0.351562 0.987367
vt 0.351939 0.985036
vt 0.120749 0.987251
vt 0.120838 0.984897
vt 0.008690 0.838286
vt 0.008161 0.835618
vt 0.045191 0.843969
vt 0.045045 0.846485
vt 0.960167 0.749600
vt 0.960556 0.752013
vt 0.994643 0.741734
vt 0.994984 0.744142
vt 0.018830 0.987442
vt 0.017939 0.984810
vt 0.855963 0.359939
vt 0.864336 0.299796
vt 0.866604 0.300158
vt 0.858392 0.360370
vt 0.097326 0.837356
vt 0.097938 0.839926
vt 0.875565 0.013627
vt 0.877677 0.013810
vt 0.867194 0.294906
vt 0.865444 0.294909
vt 0.940735 0.013770
vt 0.948679 0.220952
vt 0.709734 0.950653
vt 0.697823 0.967998
vt 0.699643 0.968430
vt 0.859906 0.606876
vt 0.862224 0.606481
vt 0.696119 0.971129
vt 0.697897 0.971555
vt 0.862870 0.630129
vt 0.865092 0.629827
vt 0.862490 0.626944
vt 0.864718 0.626654
vt 0.951557 0.294891
vt 0.951823 0.297323
vt 0.866930 0.297327
vt 0.864673 0.296876
vt 0.471588 0.904549
vt 0.471858 0.902675
vt 0.423800 0.916376
vt 0.433765 0.904651
vt 0.435524 0.909802
vt 0.428815 0.911441
vt 0.442133 0.911560
vt 0.446760 0.916649
vt 0.448446 0.923387
vt 0.441246 0.935124
vt 0.446267 0.930070
vt 0.394645 0.524737
vt 0.394324 0.518152
vt 0.408095 0.520042
vt 0.407517 0.525922
vt 0.394411 0.511591
vt 0.395024 0.505063
vt 0.410083 0.508448
vt 0.408950 0.514236
vt 0.396434 0.577087
vt 0.395026 0.570742
vt 0.410079 0.567357
vt 0.411497 0.573168
vt 0.394424 0.564189
vt 0.394338 0.557607
vt 0.408087 0.555720
vt 0.408944 0.561546
vt 0.394655 0.551048
vt 0.394998 0.544488
vt 0.407163 0.543922
vt 0.407511 0.549860
vt 0.394993 0.531324
vt 0.407165 0.531880
vt 0.407060 0.537902
vt 0.395138 0.537907
vt 0.411504 0.502639
vt 0.396441 0.498721
vt 0.392327 0.517956
vt 0.392802 0.524640
vt 0.393239 0.531301
vt 0.392827 0.504585
vt 0.392304 0.511285
vt 0.392836 0.571236
vt 0.394422 0.577998
vt 0.394421 0.497828
vt 0.392345 0.557804
vt 0.392327 0.564502
vt 0.393241 0.544558
vt 0.392805 0.551169
vt 0.393431 0.537931
vt 0.433818 0.902699
vt 0.079061 0.987236
vt 0.079101 0.984877
vt 0.913473 0.904785
vt 0.921710 0.892114
vt 0.917808 0.901839
vt 0.920742 0.897439
vt 0.913332 0.879215
vt 0.908149 0.878180
vt 0.902976 0.879187
vt 0.444111 0.576412
vt 0.442206 0.571901
vt 0.450034 0.569291
vt 0.451577 0.573516
vt 0.432831 0.538658
vt 0.432982 0.533717
vt 0.445676 0.534183
vt 0.445599 0.538656
vt 0.436120 0.519166
vt 0.438076 0.514517
vt 0.447683 0.516542
vt 0.446898 0.520883
vt 0.442134 0.505392
vt 0.449994 0.508011
vt 0.448710 0.512251
vt 0.440120 0.509941
vt 0.434496 0.523919
vt 0.446313 0.525275
vt 0.445914 0.529715
vt 0.433503 0.528790
vt 0.436216 0.558020
vt 0.434622 0.553285
vt 0.446307 0.551932
vt 0.446900 0.556308
vt 0.438135 0.562688
vt 0.447699 0.560669
vt 0.448740 0.565004
vt 0.440184 0.567307
vt 0.433024 0.543581
vt 0.445671 0.543112
vt 0.445907 0.547536
vt 0.433598 0.548462
vt 0.441087 0.572401
vt 0.443145 0.577129
vt 0.441002 0.504899
vt 0.443097 0.500208
vt 0.444071 0.500913
vt 0.431386 0.533649
vt 0.431240 0.538672
vt 0.431424 0.543672
vt 0.436832 0.514089
vt 0.434733 0.518804
vt 0.432957 0.523651
vt 0.438964 0.509483
vt 0.431914 0.528627
vt 0.433067 0.553551
vt 0.434817 0.558366
vt 0.436890 0.563098
vt 0.439039 0.567759
vt 0.431999 0.548635
vt 0.451538 0.503805
vt 0.352012 0.873560
vt 0.354732 0.873617
vt 0.008226 0.789208
vt 0.011108 0.789208
vt 0.045158 0.789204
vt 0.046543 0.789203
vt 0.096554 0.789197
vt 0.099083 0.789196
vt 0.952151 0.300156
vt 0.960363 0.360369
vt 0.917708 0.882286
vt 0.920703 0.886785
vt 0.422826 0.930010
vt 0.427382 0.935160
vt 0.434179 0.936807
vt 0.680663 0.920412
vt 0.378064 0.560693
vt 0.389351 0.560683
vt 0.389369 0.565132
vt 0.378972 0.565332
vt 0.376993 0.556133
vt 0.389346 0.556134
vt 0.389363 0.551596
vt 0.377289 0.551601
vt 0.389384 0.547076
vt 0.377921 0.547071
vt 0.378352 0.542544
vt 0.389403 0.542556
vt 0.389414 0.538010
vt 0.378506 0.538007
vt 0.389407 0.533446
vt 0.378360 0.533453
vt 0.389390 0.528882
vt 0.377934 0.528884
vt 0.377304 0.524312
vt 0.389369 0.524321
vt 0.389351 0.519768
vt 0.376986 0.519762
vt 0.389356 0.515237
vt 0.378058 0.515221
vt 0.389373 0.510830
vt 0.378968 0.510627
vt 0.379733 0.506015
vt 0.389548 0.506523
vt 0.389844 0.502175
vt 0.380284 0.501460
vt 0.389542 0.569484
vt 0.389833 0.573851
vt 0.380272 0.574562
vt 0.379731 0.569989
vt 0.725021 0.898339
vt 0.726001 0.903325
vt 0.725055 0.908172
vt 0.377007 0.542528
vt 0.377170 0.538016
vt 0.378441 0.570119
vt 0.377660 0.565437
vt 0.376694 0.560789
vt 0.375535 0.556154
vt 0.375885 0.551556
vt 0.376550 0.547032
vt 0.377014 0.533481
vt 0.376563 0.528923
vt 0.375901 0.524345
vt 0.375527 0.519724
vt 0.376688 0.515112
vt 0.377657 0.510520
vt 0.378441 0.505897
vt 0.379066 0.501137
vt 0.379058 0.574901
vt 0.701803 0.898259
vt 0.700902 0.903234
vt 0.701872 0.908090
vt 0.704513 0.894107
vt 0.708516 0.891317
vt 0.713313 0.890392
vt 0.718124 0.891347
vt 0.722206 0.894172
vt 0.708696 0.914949
vt 0.722300 0.912247
vt 0.718268 0.914990
vt 0.713484 0.915892
vt 0.704642 0.912179
vt 0.547382 0.448278
vt 0.552462 0.455547
vt 0.552547 0.460075
vt 0.543190 0.446687
vt 0.550979 0.464315
vt 0.538714 0.446769
vt 0.547875 0.467574
vt 0.534640 0.448643
vt 0.543802 0.469449
vt 0.531536 0.451903
vt 0.539326 0.469531
vt 0.529968 0.456144
vt 0.535134 0.467940
vt 0.530053 0.460672
vt 0.531909 0.464796
vt 0.550607 0.451423
vt 0.508380 0.466810
vt 0.503444 0.459747
vt 0.503361 0.455346
vt 0.512455 0.468355
vt 0.504885 0.451225
vt 0.516804 0.468276
vt 0.507902 0.448057
vt 0.520764 0.466455
vt 0.511861 0.446236
vt 0.523780 0.463286
vt 0.516211 0.446156
vt 0.525304 0.459166
vt 0.520285 0.447702
vt 0.525222 0.454765
vt 0.505247 0.463754
vt 0.523418 0.450758
vt 0.104211 0.789196
vt 0.013318 0.789207
vt 0.938725 0.644023
vt 0.937941 0.645557
vt 0.048323 0.789201
vt 0.951453 0.292456
vt 0.079168 0.873393
vt 0.120909 0.873421
vt 0.022203 0.873342
vt 0.393925 0.897742
vt 0.393163 0.896113
vt 0.394883 0.895729
vt 0.395486 0.898001
vt 0.602107 0.873984
vt 0.601960 0.876406
vt 0.386976 0.882375
vt 0.388710 0.881859
vt 0.395473 0.810438
vt 0.394032 0.812493
vt 0.393875 0.808783
vt 0.374550 0.777472
vt 0.376522 0.777132
vt 0.188890 0.800130
vt 0.330416 0.777521
vt 0.350013 0.812722
vt 0.187857 0.805429
vt 0.187946 0.794839
vt 0.766205 0.845573
vt 0.707720 0.845531
vt 0.707879 0.842939
vt 0.766183 0.842981
vt 0.913170 0.845680
vt 0.912839 0.843086
vt 0.372070 0.856394
vt 0.368850 0.855963
vt 0.373306 0.854075
vt 0.174479 0.854022
vt 0.175317 0.813893
vt 0.180427 0.812880
vt 0.953808 0.292898
vt 0.951157 0.221118
vt 0.398558 0.810733
vt 0.119586 0.775359
vt 0.119175 0.777554
vt 0.116409 0.777292
vt 0.117349 0.775546
vt 0.110547 0.809222
vt 0.107581 0.809091
vt 0.102460 0.738720
vt 0.103021 0.741352
vt 0.099800 0.741353
vt 0.100005 0.739358
vt 0.110541 0.810862
vt 0.111390 0.812740
vt 0.108416 0.812846
vt 0.107561 0.810859
vt 0.373624 0.775295
vt 0.375419 0.775381
vt 0.329419 0.775326
vt 0.179415 0.777535
vt 0.185026 0.790369
vt 0.179346 0.775346
vt 0.184849 0.809880
vt 0.137346 0.854007
vt 0.134393 0.854240
vt 0.138270 0.855987
vt 0.135762 0.855855
vt 0.360357 0.831138
vt 0.673481 0.870745
vt 0.674516 0.868777
vt 0.676782 0.869193
vt 0.675429 0.870764
vt 0.676172 0.866485
vt 0.678863 0.866755
vt 0.022324 0.870956
vt 0.019833 0.873516
vt 0.020240 0.871673
vt 0.703416 0.809498
vt 0.702593 0.810688
vt 0.700523 0.810524
vt 0.701852 0.808616
vt 0.662249 0.831280
vt 0.601484 0.869784
vt 0.950271 0.370346
vt 0.952703 0.369992
vt 0.952764 0.600852
vt 0.950351 0.601249
vt 0.939535 0.645612
vt 0.939865 0.646999
vt 0.937741 0.647393
vt 0.958300 0.845184
vt 0.956509 0.845694
vt 0.956085 0.843113
vt 0.958267 0.843257
vt 0.010877 0.740765
vt 0.012778 0.739725
vt 0.013188 0.742271
vt 0.011021 0.742796
vt 0.940616 0.644358
vt 0.946172 0.631954
vt 0.948344 0.632248
vt 0.047003 0.731793
vt 0.049367 0.731712
vt 0.048976 0.734265
vt 0.046872 0.734249
vt 0.355003 0.870948
vt 0.357409 0.871568
vt 0.356712 0.873888
vt 0.950303 0.603988
vt 0.953036 0.604016
vt 0.351642 0.871230
vt 0.120823 0.871066
vt 0.008157 0.742798
vt 0.008685 0.740131
vt 0.045038 0.731923
vt 0.045184 0.734439
vt 0.960550 0.843735
vt 0.960153 0.846149
vt 0.994980 0.851606
vt 0.994635 0.854015
vt 0.017950 0.873367
vt 0.018875 0.870738
vt 0.962793 0.359937
vt 0.954419 0.299793
vt 0.097931 0.738468
vt 0.097320 0.741037
vt 0.942845 0.013589
vt 0.953308 0.294888
vt 0.373951 0.858792
vt 0.385858 0.876139
vt 0.384039 0.876571
vt 0.950053 0.606470
vt 0.952369 0.606860
vt 0.387562 0.879270
vt 0.385784 0.879696
vt 0.947175 0.629811
vt 0.949389 0.630105
vt 0.947557 0.626645
vt 0.949782 0.626929
vt 0.954081 0.296869
vt 0.612093 0.812689
vt 0.611823 0.810816
vt 0.659879 0.824517
vt 0.649915 0.812791
vt 0.654865 0.819582
vt 0.648156 0.817943
vt 0.641547 0.819701
vt 0.636921 0.824789
vt 0.635235 0.831528
vt 0.637414 0.838211
vt 0.642435 0.843266
vt 0.415588 0.550443
vt 0.428459 0.549256
vt 0.429039 0.555135
vt 0.415267 0.557027
vt 0.415356 0.563588
vt 0.429895 0.560941
vt 0.431029 0.566729
vt 0.415970 0.570116
vt 0.417393 0.498091
vt 0.432454 0.502019
vt 0.431032 0.507828
vt 0.415982 0.504435
vt 0.415375 0.510988
vt 0.429894 0.513638
vt 0.429033 0.519463
vt 0.415286 0.517570
vt 0.415600 0.524129
vt 0.428455 0.525322
vt 0.428106 0.531258
vt 0.415941 0.530689
vt 0.415935 0.543855
vt 0.416080 0.537271
vt 0.428002 0.537277
vt 0.428107 0.543298
vt 0.432451 0.572537
vt 0.417388 0.576457
vt 0.413271 0.557224
vt 0.413745 0.550540
vt 0.414180 0.543878
vt 0.413773 0.570595
vt 0.413250 0.563895
vt 0.413792 0.503939
vt 0.415382 0.497178
vt 0.415369 0.577350
vt 0.413293 0.517372
vt 0.413278 0.510673
vt 0.414183 0.530620
vt 0.413750 0.524008
vt 0.414372 0.537247
vt 0.649862 0.810840
vt 0.079128 0.871033
vt 0.170215 0.812921
vt 0.161964 0.800254
vt 0.162934 0.805578
vt 0.165873 0.809975
vt 0.170344 0.787355
vt 0.180700 0.787326
vt 0.175527 0.786320
vt 0.461760 0.499679
vt 0.469238 0.502547
vt 0.467710 0.506780
vt 0.459873 0.504198
vt 0.450569 0.537513
vt 0.463336 0.537512
vt 0.463413 0.541999
vt 0.450720 0.542464
vt 0.453849 0.557044
vt 0.464628 0.555338
vt 0.465409 0.559690
vt 0.455799 0.561702
vt 0.459845 0.570841
vt 0.457836 0.566286
vt 0.466430 0.563987
vt 0.467708 0.568233
vt 0.452230 0.552282
vt 0.451239 0.547402
vt 0.463650 0.546481
vt 0.464047 0.550934
vt 0.453930 0.518112
vt 0.464618 0.519798
vt 0.464035 0.524189
vt 0.452346 0.522858
vt 0.455835 0.513432
vt 0.457868 0.508803
vt 0.466432 0.511075
vt 0.465404 0.515423
vt 0.450760 0.532581
vt 0.451330 0.527691
vt 0.463640 0.528601
vt 0.463408 0.533041
vt 0.458751 0.503702
vt 0.460791 0.498965
vt 0.461774 0.575323
vt 0.460799 0.576027
vt 0.458712 0.571332
vt 0.449124 0.542532
vt 0.448978 0.537500
vt 0.449160 0.532492
vt 0.454554 0.562128
vt 0.452462 0.557404
vt 0.450690 0.552548
vt 0.456680 0.566742
vt 0.449649 0.547563
vt 0.450792 0.522596
vt 0.452530 0.517770
vt 0.454588 0.513027
vt 0.456721 0.508355
vt 0.449731 0.527521
vt 0.469246 0.572443
vt 0.165966 0.790426
vt 0.162971 0.794925
vt 0.660853 0.838152
vt 0.656297 0.843302
vt 0.649501 0.844949
vt 0.403019 0.828552
vt 0.359431 0.514805
vt 0.360339 0.510166
vt 0.370736 0.510365
vt 0.370719 0.514815
vt 0.370713 0.519363
vt 0.358360 0.519364
vt 0.370730 0.523901
vt 0.358656 0.523896
vt 0.370751 0.528420
vt 0.359288 0.528425
vt 0.370770 0.532941
vt 0.359719 0.532952
vt 0.370780 0.537487
vt 0.359872 0.537489
vt 0.370774 0.542050
vt 0.359726 0.542043
vt 0.370758 0.546614
vt 0.359300 0.546612
vt 0.358671 0.551184
vt 0.370736 0.551175
vt 0.370718 0.555728
vt 0.358353 0.555734
vt 0.370722 0.560260
vt 0.359425 0.560275
vt 0.370740 0.564666
vt 0.360335 0.564870
vt 0.361100 0.569482
vt 0.370915 0.568973
vt 0.371211 0.573321
vt 0.361651 0.574037
vt 0.370909 0.506013
vt 0.361098 0.505508
vt 0.361639 0.500935
vt 0.371200 0.501646
vt 0.706039 0.797696
vt 0.358661 0.806478
vt 0.357681 0.811464
vt 0.358629 0.816311
vt 0.358537 0.537480
vt 0.358374 0.532968
vt 0.359027 0.510060
vt 0.359808 0.505379
vt 0.358061 0.514709
vt 0.356902 0.519343
vt 0.357252 0.523941
vt 0.357918 0.528465
vt 0.358381 0.542015
vt 0.357930 0.546573
vt 0.357268 0.551152
vt 0.356894 0.555772
vt 0.358054 0.560385
vt 0.359023 0.564976
vt 0.359808 0.569600
vt 0.360432 0.574359
vt 0.360425 0.500596
vt 0.381878 0.806399
vt 0.382780 0.811373
vt 0.381810 0.816230
vt 0.379167 0.802248
vt 0.375164 0.799457
vt 0.370367 0.798532
vt 0.365556 0.799487
vt 0.361474 0.802311
vt 0.374987 0.823089
vt 0.361384 0.820387
vt 0.365417 0.823130
vt 0.370200 0.824032
vt 0.379041 0.820319
vt 0.524438 0.489814
vt 0.521328 0.493044
vt 0.524066 0.476942
vt 0.525925 0.481073
vt 0.517248 0.494883
vt 0.520836 0.473779
vt 0.512766 0.494930
vt 0.516636 0.472159
vt 0.508566 0.493310
vt 0.512154 0.472205
vt 0.505336 0.490146
vt 0.508074 0.474044
vt 0.503477 0.486016
vt 0.504965 0.477274
vt 0.503393 0.481495
vt 0.526009 0.485594
vt 0.478476 0.477654
vt 0.481498 0.474515
vt 0.478838 0.490164
vt 0.477032 0.486150
vt 0.485463 0.472729
vt 0.481977 0.493238
vt 0.489819 0.472683
vt 0.486058 0.494813
vt 0.493901 0.474257
vt 0.490414 0.494767
vt 0.497040 0.477332
vt 0.494379 0.492980
vt 0.498846 0.481345
vt 0.497401 0.489840
vt 0.476949 0.481756
vt 0.498928 0.485739
vt 0.906048 0.370378
vt 0.551827 0.486823
vt 0.543590 0.495085
vt 0.537626 0.495020
vt 0.551758 0.480880
vt 0.532423 0.492186
vt 0.548917 0.475703
vt 0.529582 0.487010
vt 0.543713 0.472869
vt 0.529512 0.481067
vt 0.537748 0.472804
vt 0.532624 0.475934
vt 0.548714 0.491956
vt 0.489555 0.445232
vt 0.497868 0.453418
vt 0.497855 0.459362
vt 0.483591 0.445353
vt 0.495062 0.464565
vt 0.478414 0.448236
vt 0.489885 0.467447
vt 0.475622 0.453440
vt 0.483922 0.467568
vt 0.475608 0.459382
vt 0.494708 0.448314
vt 0.478768 0.464487
vt 0.465186 0.447897
vt 0.465073 0.454336
vt 0.457470 0.453874
vt 0.457570 0.448298
vt 0.456725 0.442785
vt 0.454965 0.437494
vt 0.462147 0.435386
vt 0.464202 0.441524
vt 0.452353 0.432572
vt 0.459081 0.429642
vt 0.448979 0.428147
vt 0.455088 0.424438
vt 0.444956 0.424327
vt 0.450278 0.419903
vt 0.440408 0.421192
vt 0.444780 0.416141
vt 0.435464 0.418792
vt 0.438737 0.413233
vt 0.430246 0.417157
vt 0.432300 0.411235
vt 0.424865 0.416326
vt 0.425622 0.410206
vt 0.419424 0.416245
vt 0.418854 0.410104
vt 0.414020 0.416912
vt 0.412149 0.410929
vt 0.408752 0.418386
vt 0.405654 0.412727
vt 0.403731 0.420629
vt 0.399524 0.415440
vt 0.399081 0.423617
vt 0.393908 0.419020
vt 0.394930 0.427303
vt 0.388951 0.423389
vt 0.391405 0.431612
vt 0.384783 0.428452
vt 0.388622 0.436443
vt 0.381518 0.434084
vt 0.386675 0.441670
vt 0.379248 0.440144
vt 0.385633 0.447150
vt 0.378037 0.446477
vt 0.385534 0.452725
vt 0.377919 0.452916
vt 0.386380 0.458237
vt 0.378900 0.459289
vt 0.388141 0.463527
vt 0.380951 0.465430
vt 0.390754 0.468448
vt 0.384016 0.471176
vt 0.394129 0.472870
vt 0.388008 0.476382
vt 0.398153 0.476686
vt 0.392819 0.480919
vt 0.402701 0.479818
vt 0.398318 0.484682
vt 0.407644 0.482215
vt 0.404363 0.487590
vt 0.412861 0.483847
vt 0.410802 0.489589
vt 0.418239 0.484677
vt 0.417483 0.490617
vt 0.423677 0.484759
vt 0.424252 0.490719
vt 0.429079 0.484093
vt 0.430960 0.489895
vt 0.434346 0.482621
vt 0.437457 0.488097
vt 0.439365 0.480381
vt 0.443589 0.485383
vt 0.444016 0.477397
vt 0.449207 0.481803
vt 0.448168 0.473715
vt 0.454166 0.477432
vt 0.451694 0.469408
vt 0.458334 0.472368
vt 0.454479 0.464579
vt 0.461597 0.466733
vt 0.456427 0.459353
vt 0.463865 0.460670
vt 0.006745 0.501939
vt 0.009577 0.481755
vt 0.013805 0.486215
vt 0.016159 0.515985
vt 0.018985 0.489616
vt 0.022169 0.519261
vt 0.024817 0.492622
vt 0.028172 0.522240
vt 0.031210 0.495196
vt 0.034337 0.524827
vt 0.038063 0.497297
vt 0.040707 0.526963
vt 0.045275 0.498895
vt 0.047267 0.528602
vt 0.052742 0.499974
vt 0.053972 0.529715
vt 0.060358 0.500494
vt 0.060765 0.530256
vt 0.068028 0.500498
vt 0.067591 0.530261
vt 0.075644 0.499986
vt 0.074385 0.529726
vt 0.083111 0.498916
vt 0.081091 0.528620
vt 0.090323 0.497324
vt 0.087652 0.526987
vt 0.097177 0.495229
vt 0.094023 0.524857
vt 0.103569 0.492659
vt 0.100189 0.522275
vt 0.109401 0.489657
vt 0.106194 0.519299
vt 0.114582 0.486258
vt 0.112204 0.516026
vt 0.118813 0.481800
vt 0.121625 0.501983
vt 0.016972 0.518551
vt 0.017268 0.715336
vt 0.005078 0.731136
vt 0.022522 0.521821
vt 0.022745 0.709085
vt 0.028369 0.524746
vt 0.028660 0.703341
vt 0.034448 0.527275
vt 0.034854 0.698310
vt 0.040788 0.529362
vt 0.041191 0.694113
vt 0.047325 0.530962
vt 0.047658 0.690859
vt 0.054008 0.532047
vt 0.054227 0.688638
vt 0.060776 0.532580
vt 0.060856 0.687550
vt 0.067578 0.532584
vt 0.067512 0.687553
vt 0.074347 0.532058
vt 0.074141 0.688649
vt 0.081031 0.530980
vt 0.080708 0.690877
vt 0.087569 0.529386
vt 0.087174 0.694138
vt 0.093910 0.527305
vt 0.093510 0.698340
vt 0.099992 0.524780
vt 0.099702 0.703376
vt 0.105840 0.521859
vt 0.105617 0.709124
vt 0.111391 0.518591
vt 0.111095 0.715377
vt 0.123286 0.731176
vt 0.534560 0.515659
vt 0.539369 0.512849
vt 0.537228 0.580915
vt 0.544187 0.510088
vt 0.546778 0.580936
vt 0.549049 0.507447
vt 0.553979 0.504995
vt 0.556628 0.580976
vt 0.558991 0.502790
vt 0.564102 0.500885
vt 0.566854 0.581011
vt 0.569307 0.499322
vt 0.574578 0.498130
vt 0.577327 0.581035
vt 0.579891 0.497329
vt 0.585224 0.496943
vt 0.587897 0.581048
vt 0.590570 0.496946
vt 0.595902 0.497337
vt 0.598467 0.581046
vt 0.601215 0.498143
vt 0.606485 0.499340
vt 0.608938 0.581031
vt 0.611690 0.500908
vt 0.616802 0.502817
vt 0.619161 0.581005
vt 0.621815 0.505026
vt 0.626747 0.507483
vt 0.629008 0.580973
vt 0.631609 0.510128
vt 0.636427 0.512893
vt 0.638555 0.580961
vt 0.641235 0.515707
vt 0.646072 0.518494
vt 0.648083 0.580991
vt 0.650971 0.521182
vt 0.655958 0.523701
vt 0.657876 0.581080
vt 0.661044 0.525988
vt 0.666228 0.527989
vt 0.668030 0.581232
vt 0.671496 0.529662
vt 0.676829 0.530974
vt 0.678444 0.581442
vt 0.682206 0.531907
vt 0.687608 0.532436
vt 0.688956 0.581707
vt 0.693027 0.532585
vt 0.488191 0.532372
vt 0.493591 0.531843
vt 0.497343 0.581379
vt 0.486834 0.581643
vt 0.498968 0.530911
vt 0.504300 0.529600
vt 0.507755 0.581170
vt 0.509568 0.527929
vt 0.514751 0.525930
vt 0.517908 0.581023
vt 0.519837 0.523645
vt 0.524824 0.521128
vt 0.527700 0.580939
vt 0.529724 0.518443
vt 0.018233 0.719642
vt 0.005872 0.735935
vt 0.024016 0.713301
vt 0.029908 0.707527
vt 0.036005 0.702521
vt 0.042212 0.698368
vt 0.048472 0.695175
vt 0.054755 0.693013
vt 0.061039 0.691967
vt 0.067324 0.691971
vt 0.073608 0.693025
vt 0.079891 0.695192
vt 0.086149 0.698392
vt 0.092356 0.702550
vt 0.098453 0.707561
vt 0.104345 0.713338
vt 0.110129 0.719683
vt 0.122492 0.735975
vt 0.412706 0.422434
vt 0.432057 0.423143
vt 0.440825 0.427536
vt 0.403684 0.426177
vt 0.447865 0.434294
vt 0.396239 0.432410
vt 0.452354 0.442816
vt 0.391232 0.440593
vt 0.453720 0.452229
vt 0.389289 0.449894
vt 0.451778 0.461523
vt 0.390655 0.459316
vt 0.446774 0.469700
vt 0.395147 0.467843
vt 0.439333 0.475934
vt 0.402192 0.474601
vt 0.430315 0.479682
vt 0.410963 0.478989
vt 0.420598 0.480686
vt 0.422424 0.421438
vt 0.025362 0.429860
vt 0.104539 0.429860
vt 0.102511 0.450309
vt 0.027390 0.450309
vt 0.099553 0.458633
vt 0.030348 0.458633
vt 0.095715 0.466220
vt 0.034186 0.466220
vt 0.091127 0.472808
vt 0.038773 0.472808
vt 0.085922 0.478240
vt 0.043978 0.478240
vt 0.080246 0.482395
vt 0.049654 0.482395
vt 0.074248 0.485196
vt 0.055651 0.485195
vt 0.068069 0.486558
vt 0.061831 0.486558
vt 0.657068 0.506315
vt 0.657068 0.028779
vt 0.662695 0.031890
vt 0.662695 0.509504
vt 0.651472 0.503087
vt 0.651472 0.025629
vt 0.668414 0.034885
vt 0.668414 0.512573
vt 0.674274 0.037690
vt 0.674274 0.515449
vt 0.680305 0.040237
vt 0.680306 0.518059
vt 0.686521 0.042463
vt 0.686523 0.520340
vt 0.692917 0.044312
vt 0.692920 0.522234
vt 0.699471 0.045739
vt 0.699475 0.523697
vt 0.706148 0.046708
vt 0.706153 0.524691
vt 0.712900 0.047183
vt 0.712904 0.525177
vt 0.719681 0.047179
vt 0.719685 0.525173
vt 0.726432 0.046696
vt 0.726436 0.524679
vt 0.733109 0.045718
vt 0.733112 0.523676
vt 0.739662 0.044283
vt 0.739665 0.522206
vt 0.746058 0.042426
vt 0.746060 0.520303
vt 0.752274 0.040193
vt 0.752275 0.518015
vt 0.758304 0.037640
vt 0.758305 0.515398
vt 0.764163 0.034828
vt 0.764163 0.512516
vt 0.769880 0.031826
vt 0.769881 0.509441
vt 0.775506 0.028710
vt 0.775507 0.506247
vt 0.781101 0.025555
vt 0.781101 0.503014
vt 0.786727 0.022439
vt 0.786727 0.499820
vt 0.792446 0.019439
vt 0.792446 0.496746
vt 0.798306 0.016628
vt 0.798306 0.493865
vt 0.804338 0.014076
vt 0.804339 0.491250
vt 0.810557 0.011846
vt 0.810557 0.488964
vt 0.816956 0.009992
vt 0.816956 0.487064
vt 0.823513 0.008560
vt 0.823513 0.485597
vt 0.830195 0.007585
vt 0.830195 0.484598
vt 0.836951 0.007106
vt 0.836951 0.484107
vt 0.843738 0.007106
vt 0.843738 0.484107
vt 0.595611 0.007201
vt 0.602368 0.007680
vt 0.602369 0.484693
vt 0.595612 0.484202
vt 0.609051 0.008654
vt 0.609052 0.485691
vt 0.615610 0.010084
vt 0.615610 0.487157
vt 0.622010 0.011936
vt 0.622010 0.489055
vt 0.628229 0.014164
vt 0.628230 0.491338
vt 0.634263 0.016714
vt 0.634263 0.493951
vt 0.640124 0.019521
vt 0.640124 0.496828
vt 0.645844 0.022517
vt 0.645844 0.499899
vt 0.583041 0.399517
vt 0.581192 0.398951
vt 0.577466 0.153677
vt 0.578739 0.154226
vt 0.651801 0.666064
vt 0.623832 0.651070
vt 0.679759 0.649421
vt 0.658371 0.665867
vt 0.577748 0.152257
vt 0.567828 0.147355
vt 0.568203 0.145596
vt 0.578956 0.152862
vt 0.579415 0.150228
vt 0.580721 0.151933
vt 0.644628 0.645840
vt 0.645364 0.644652
vt 0.650871 0.644680
vt 0.651601 0.645852
vt 0.652329 0.637930
vt 0.686529 0.638249
vt 0.686483 0.643684
vt 0.652286 0.643361
vt 0.645344 0.637931
vt 0.650991 0.637941
vt 0.650953 0.643336
vt 0.645307 0.643313
vt 0.652379 0.636567
vt 0.651673 0.635419
vt 0.683587 0.635677
vt 0.685579 0.637022
vt 0.644699 0.635410
vt 0.650929 0.636588
vt 0.645421 0.636601
vt 0.678727 0.632435
vt 0.622776 0.632435
vt 0.650291 0.616624
vt 0.656863 0.616627
vt 0.581386 0.154009
vt 0.559672 0.391946
vt 0.549497 0.391936
vt 0.549501 0.390276
vt 0.559675 0.390306
vt 0.559682 0.388634
vt 0.549508 0.388583
vt 0.559672 0.403647
vt 0.549497 0.403647
vt 0.528172 0.399775
vt 0.532474 0.154484
vt 0.533747 0.153935
vt 0.530021 0.399210
vt 0.346714 0.602874
vt 0.353287 0.602876
vt 0.375151 0.618685
vt 0.319199 0.618685
vt 0.470594 0.742545
vt 0.465569 0.742514
vt 0.465580 0.738872
vt 0.470629 0.738904
vt 0.460537 0.742514
vt 0.460537 0.738872
vt 0.455499 0.742514
vt 0.455499 0.738872
vt 0.450462 0.742515
vt 0.450460 0.738873
vt 0.445425 0.742522
vt 0.445420 0.738880
vt 0.440387 0.742531
vt 0.440380 0.738889
vt 0.500886 0.739643
vt 0.500774 0.743283
vt 0.495738 0.743127
vt 0.495849 0.739487
vt 0.490704 0.742974
vt 0.490810 0.739333
vt 0.485673 0.742831
vt 0.485769 0.739190
vt 0.480645 0.742707
vt 0.480724 0.739066
vt 0.475619 0.742610
vt 0.475677 0.738969
vt 0.482760 0.728228
vt 0.480160 0.731880
vt 0.481155 0.719676
vt 0.483016 0.723754
vt 0.476158 0.733896
vt 0.477408 0.717219
vt 0.466345 0.722459
vt 0.468945 0.718809
vt 0.467951 0.731011
vt 0.466090 0.726934
vt 0.472947 0.716792
vt 0.471698 0.733469
vt 0.533465 0.152515
vt 0.543010 0.145854
vt 0.543385 0.147614
vt 0.532258 0.153121
vt 0.530492 0.152191
vt 0.531798 0.150486
vt 0.339244 0.622315
vt 0.346218 0.622324
vt 0.345474 0.623493
vt 0.339967 0.623506
vt 0.381074 0.625136
vt 0.381031 0.630571
vt 0.346834 0.630265
vt 0.346875 0.624834
vt 0.339854 0.630218
vt 0.339890 0.624837
vt 0.345537 0.624845
vt 0.345501 0.630240
vt 0.346867 0.631624
vt 0.380069 0.631781
vt 0.378056 0.633090
vt 0.346149 0.632756
vt 0.339176 0.632745
vt 0.339912 0.631557
vt 0.345419 0.631584
vt 0.345486 0.652814
vt 0.317517 0.637822
vt 0.373443 0.636170
vt 0.352056 0.652618
vt 0.529827 0.154266
vt 0.465187 0.776760
vt 0.409369 0.766997
vt 0.467135 0.772130
vt 0.480324 0.758162
vt 0.461558 0.758139
vt 0.461580 0.745065
vt 0.480331 0.745088
vt 0.387295 0.758108
vt 0.387329 0.744748
vt 0.431074 0.744957
vt 0.431044 0.758118
vt 0.644012 0.643324
vt 0.643951 0.644673
vt 0.615795 0.644345
vt 0.614961 0.643087
vt 0.346924 0.623471
vt 0.380124 0.623909
vt 0.338559 0.630230
vt 0.338498 0.631578
vt 0.310343 0.631255
vt 0.309508 0.629998
vt 0.652318 0.644721
vt 0.644053 0.637907
vt 0.644009 0.636561
vt 0.338554 0.623467
vt 0.338599 0.624812
vt 0.447225 0.784552
vt 0.449196 0.783321
vt 0.475421 0.793916
vt 0.475643 0.796128
vt 0.490011 0.784270
vt 0.491566 0.785746
vt 0.499392 0.766996
vt 0.501601 0.767333
vt 0.468659 0.785770
vt 0.473196 0.787902
vt 0.478165 0.787276
vt 0.482257 0.784391
vt 0.484202 0.779770
vt 0.483787 0.774767
vt 0.465626 0.781768
vt 0.469708 0.760167
vt 0.469670 0.763809
vt 0.464645 0.763775
vt 0.464658 0.760133
vt 0.459614 0.763776
vt 0.459614 0.760134
vt 0.454576 0.763776
vt 0.454576 0.760134
vt 0.449539 0.763777
vt 0.449536 0.760136
vt 0.444502 0.763787
vt 0.444495 0.760145
vt 0.439463 0.763798
vt 0.439455 0.760157
vt 0.499847 0.764614
vt 0.494811 0.764446
vt 0.494931 0.760806
vt 0.499968 0.760974
vt 0.489777 0.764280
vt 0.489893 0.760640
vt 0.484747 0.764123
vt 0.484852 0.760483
vt 0.479719 0.763987
vt 0.479807 0.760346
vt 0.474694 0.763880
vt 0.474758 0.760239
vt 0.473192 0.786613
vt 0.469301 0.784644
vt 0.466775 0.781088
vt 0.477534 0.786204
vt 0.466534 0.776734
vt 0.481184 0.783819
vt 0.476341 0.769977
vt 0.480234 0.771945
vt 0.482758 0.775501
vt 0.472000 0.770385
vt 0.483001 0.779855
vt 0.468350 0.772771
vt 0.464934 0.726976
vt 0.466923 0.731554
vt 0.409184 0.737027
vt 0.446906 0.719309
vt 0.475201 0.707505
vt 0.475003 0.709729
vt 0.448884 0.720519
vt 0.491281 0.717638
vt 0.489739 0.719128
vt 0.501469 0.735976
vt 0.499268 0.736363
vt 0.472835 0.715763
vt 0.468309 0.717928
vt 0.477836 0.716324
vt 0.481990 0.719125
vt 0.483992 0.723708
vt 0.483618 0.728714
vt 0.465322 0.721960
vt 0.585762 0.399621
vt 0.525451 0.399879
vt 0.550973 0.143193
vt 0.561148 0.143254
vt 0.683507 0.646202
vt 0.685520 0.644894
vt 0.617436 0.645694
vt 0.615004 0.637643
vt 0.617514 0.635079
vt 0.615852 0.636400
vt 0.378132 0.622566
vt 0.312059 0.621989
vt 0.310398 0.623310
vt 0.309550 0.624554
vt 0.311985 0.632604
vt 0.567788 0.392142
vt 0.569694 0.143241
vt 0.543425 0.392400
vt 0.541520 0.143499
vt 0.501196 0.745078
vt 0.501197 0.758172
vt 0.406837 0.767678
vt 0.480767 0.770766
vt 0.476226 0.768654
vt 0.471251 0.769266
vt 0.406625 0.736397
vt 0.480618 0.732738
vt 0.476077 0.734901
vt 0.471076 0.734350
vt 0.715802 0.715446
vt 0.712183 0.707863
vt 0.784864 0.712384
vt 0.784358 0.719711
vt 0.980524 0.570727
vt 0.988052 0.567669
vt 0.987851 0.571183
vt 0.986025 0.253466
vt 0.993608 0.249848
vt 0.989125 0.321841
vt 0.981799 0.321334
vt 0.968377 0.335471
vt 0.975905 0.332414
vt 0.975704 0.335928
vt 0.717038 0.732227
vt 0.713419 0.724644
vt 0.784723 0.729074
vt 0.784217 0.736400
vt 0.962316 0.081329
vt 0.969843 0.078270
vt 0.969643 0.081784
vt 0.783456 0.705207
vt 0.716965 0.701076
vt 0.713346 0.693493
vt 0.783962 0.697880
vt 0.968553 0.502937
vt 0.976113 0.499269
vt 0.972149 0.569467
vt 0.964822 0.569014
vt 0.786386 0.712415
vt 0.791089 0.719743
vt 0.785900 0.719742
vt 0.762204 0.974260
vt 0.762283 0.970471
vt 0.829983 0.978125
vt 0.830209 0.981538
vt 0.763069 0.959004
vt 0.763146 0.955217
vt 0.830161 0.962793
vt 0.830390 0.966209
vt 0.989094 0.323362
vt 0.981767 0.328071
vt 0.981767 0.322876
vt 0.131019 0.572708
vt 0.131095 0.568924
vt 0.197424 0.576421
vt 0.197654 0.579840
vt 0.786247 0.729105
vt 0.790959 0.736433
vt 0.785760 0.736432
vt 0.129912 0.588275
vt 0.129988 0.584493
vt 0.195631 0.591913
vt 0.195862 0.595334
vt 0.785485 0.697912
vt 0.790203 0.705239
vt 0.784999 0.705239
vt 0.986285 0.079522
vt 0.976267 0.082274
vt 0.980026 0.015021
vt 0.990167 0.010092
vt 0.494935 0.596544
vt 0.497540 0.592782
vt 0.518064 0.663309
vt 0.514303 0.663888
vt 0.311498 0.671538
vt 0.308898 0.675311
vt 0.288056 0.605601
vt 0.291812 0.605001
vt 0.687471 0.599131
vt 0.690087 0.595376
vt 0.709866 0.664685
vt 0.706108 0.665247
vt 0.505324 0.674424
vt 0.502699 0.678176
vt 0.483292 0.609477
vt 0.487048 0.608923
vt 0.831495 0.983854
vt 0.762828 0.975851
vt 0.598156 0.795883
vt 0.531042 0.788831
vt 0.531304 0.787523
vt 0.597790 0.794319
vt 0.832709 0.983800
vt 0.832685 0.982512
vt 0.529844 0.787538
vt 0.832968 0.988530
vt 0.831733 0.987326
vt 0.833110 0.987080
vt 0.494112 0.598978
vt 0.492945 0.598024
vt 0.512835 0.664600
vt 0.831931 0.972163
vt 0.833309 0.971917
vt 0.833167 0.973367
vt 0.832867 0.967183
vt 0.832893 0.968472
vt 0.831676 0.968525
vt 0.763693 0.960595
vt 0.312310 0.669099
vt 0.313489 0.670053
vt 0.293274 0.604282
vt 0.199197 0.585794
vt 0.200576 0.585549
vt 0.200434 0.586999
vt 0.200133 0.580815
vt 0.200158 0.582104
vt 0.198941 0.582156
vt 0.131643 0.574298
vt 0.686638 0.601561
vt 0.685477 0.600608
vt 0.704637 0.665953
vt 0.197406 0.601289
vt 0.198786 0.601044
vt 0.198644 0.602494
vt 0.198343 0.596310
vt 0.198368 0.597599
vt 0.197149 0.597651
vt 0.130537 0.589865
vt 0.506162 0.671995
vt 0.507321 0.672947
vt 0.608575 0.702250
vt 0.608822 0.703647
vt 0.607374 0.703517
vt 0.498936 0.592345
vt 0.519443 0.662283
vt 0.497680 0.591294
vt 0.830176 0.976764
vt 0.831405 0.977813
vt 0.761884 0.968905
vt 0.830353 0.961432
vt 0.831583 0.962481
vt 0.762747 0.953651
vt 0.307502 0.675757
vt 0.286683 0.606633
vt 0.308757 0.676801
vt 0.197616 0.575059
vt 0.198846 0.576108
vt 0.130696 0.567358
vt 0.691485 0.594945
vt 0.711250 0.663664
vt 0.690226 0.593889
vt 0.195823 0.590550
vt 0.197054 0.591599
vt 0.129588 0.582927
vt 0.501301 0.678604
vt 0.481907 0.610496
vt 0.502560 0.679664
vt 0.986100 0.082873
vt 0.986072 0.084386
vt 0.976240 0.083807
vt 0.980495 0.572259
vt 0.987822 0.572694
vt 0.968347 0.337005
vt 0.975675 0.337440
vt 0.962287 0.082863
vt 0.969615 0.083297
vt 0.678623 0.694907
vt 0.679460 0.696436
vt 0.964793 0.570548
vt 0.972120 0.570982
vt 0.488520 0.608220
vt 0.966184 0.014569
vt 0.973749 0.010912
vt 0.972305 0.268025
vt 0.979871 0.264370
vt 0.984487 0.502592
vt 0.992053 0.498937
vt 0.398278 0.671538
vt 0.400878 0.675311
vt 0.408243 0.596544
vt 0.405638 0.592782
vt 0.986072 0.166177
vt 0.976240 0.166756
vt 0.878450 0.712415
vt 0.873747 0.719743
vt 0.987822 0.654525
vt 0.980495 0.654961
vt 0.989094 0.415513
vt 0.981767 0.410805
vt 0.975675 0.419348
vt 0.968347 0.419783
vt 0.878483 0.729105
vt 0.873771 0.736433
vt 0.877809 0.697912
vt 0.873091 0.705239
vt 0.679460 0.792904
vt 0.608822 0.785692
vt 0.281161 0.596311
vt 0.281135 0.597599
vt 0.396287 0.670053
vt 0.915269 0.982512
vt 0.915245 0.983800
vt 0.405498 0.591294
vt 0.401019 0.676801
vt 0.607374 0.785823
vt 0.949035 0.715431
vt 0.880480 0.719711
vt 0.879971 0.712384
vt 0.952652 0.707847
vt 0.980524 0.656495
vt 0.987851 0.656036
vt 0.988054 0.659549
vt 0.986031 0.485409
vt 0.981799 0.417542
vt 0.989126 0.417035
vt 0.993614 0.489028
vt 0.968377 0.421317
vt 0.975704 0.420860
vt 0.975905 0.424374
vt 0.947692 0.732208
vt 0.880513 0.736400
vt 0.880006 0.729074
vt 0.951309 0.724624
vt 0.962316 0.167251
vt 0.969643 0.166794
vt 0.969844 0.170308
vt 0.879839 0.705207
vt 0.879331 0.697880
vt 0.949945 0.693462
vt 0.946328 0.701046
vt 0.968545 0.721091
vt 0.964822 0.655013
vt 0.972148 0.654561
vt 0.976104 0.724760
vt 0.878937 0.719742
vt 0.985750 0.974263
vt 0.917745 0.981540
vt 0.917972 0.978127
vt 0.985672 0.970473
vt 0.985328 0.959007
vt 0.918008 0.966211
vt 0.918237 0.962795
vt 0.985252 0.955220
vt 0.981767 0.416000
vt 0.351989 0.572711
vt 0.285354 0.579842
vt 0.285584 0.576424
vt 0.351913 0.568926
vt 0.878970 0.736432
vt 0.349592 0.588277
vt 0.283642 0.595336
vt 0.283873 0.591914
vt 0.349516 0.584495
vt 0.878295 0.705239
vt 0.986285 0.171041
vt 0.990160 0.240472
vt 0.980019 0.235542
vt 0.976267 0.168288
vt 0.388867 0.663885
vt 0.385106 0.663307
vt 0.417969 0.605002
vt 0.421725 0.605602
vt 0.600623 0.599131
vt 0.581995 0.665250
vt 0.578236 0.664688
vt 0.598007 0.595377
vt 0.592250 0.674423
vt 0.610761 0.608986
vt 0.614517 0.609550
vt 0.594867 0.678178
vt 0.916459 0.983855
vt 0.985126 0.975853
vt 0.598156 0.695998
vt 0.597790 0.697562
vt 0.531304 0.704357
vt 0.531043 0.703049
vt 0.529845 0.704341
vt 0.914985 0.988530
vt 0.914843 0.987081
vt 0.916220 0.987327
vt 0.410233 0.598024
vt 0.409065 0.598978
vt 0.390334 0.664598
vt 0.916465 0.972163
vt 0.915229 0.973367
vt 0.915087 0.971918
vt 0.915530 0.967184
vt 0.916721 0.968526
vt 0.915505 0.968472
vt 0.984704 0.960597
vt 0.397466 0.669099
vt 0.416505 0.604282
vt 0.283809 0.585795
vt 0.282571 0.586999
vt 0.282430 0.585549
vt 0.282874 0.580816
vt 0.284066 0.582158
vt 0.282848 0.582104
vt 0.351364 0.574301
vt 0.601457 0.601561
vt 0.602618 0.600608
vt 0.583465 0.665955
vt 0.282095 0.601290
vt 0.280858 0.602494
vt 0.280716 0.601044
vt 0.282354 0.597652
vt 0.348967 0.589866
vt 0.591418 0.671992
vt 0.590256 0.672946
vt 0.608575 0.787089
vt 0.404242 0.592344
vt 0.383726 0.662280
vt 0.916550 0.977814
vt 0.917779 0.976766
vt 0.986071 0.968907
vt 0.916815 0.962482
vt 0.918045 0.961434
vt 0.985651 0.953653
vt 0.402274 0.675757
vt 0.423097 0.606635
vt 0.284162 0.576110
vt 0.285393 0.575061
vt 0.352312 0.567360
vt 0.596609 0.594945
vt 0.576853 0.663667
vt 0.597868 0.593889
vt 0.282451 0.591600
vt 0.283682 0.590551
vt 0.349916 0.582929
vt 0.615899 0.610572
vt 0.596265 0.678611
vt 0.595004 0.679664
vt 0.986100 0.167690
vt 0.962287 0.165717
vt 0.969614 0.165282
vt 0.678623 0.794433
vt 0.964793 0.653479
vt 0.972120 0.653045
vt 0.609291 0.608280
vt 0.966209 0.234010
vt 0.973775 0.237664
vt 0.979877 0.492417
vt 0.972310 0.488763
vt 0.992098 0.728278
vt 0.984530 0.724628
vt 0.822461 0.623345
vt 0.805070 0.626035
vt 0.804541 0.619707
vt 0.821992 0.617905
vt 0.833442 0.636974
vt 0.785102 0.626819
vt 0.784630 0.620379
vt 0.767826 0.625735
vt 0.767321 0.619894
vt 0.765565 0.686003
vt 0.757443 0.624186
vt 0.756831 0.619038
vt 0.832012 0.616172
vt 0.821493 0.609380
vt 0.831599 0.608601
vt 0.821280 0.601604
vt 0.831413 0.601829
vt 0.784136 0.610890
vt 0.804023 0.610304
vt 0.725848 0.640593
vt 0.717421 0.638301
vt 0.714214 0.570008
vt 0.716576 0.569896
vt 0.753871 0.619385
vt 0.753302 0.611121
vt 0.756300 0.610945
vt 0.766837 0.611043
vt 0.754895 0.622915
vt 0.832335 0.620857
vt 0.713994 0.636180
vt 0.710914 0.570585
vt 0.803786 0.601638
vt 0.783897 0.602140
vt 0.756100 0.603609
vt 0.766615 0.602935
vt 0.753096 0.603597
vt 0.821482 0.587608
vt 0.821311 0.593065
vt 0.803788 0.592220
vt 0.803970 0.585873
vt 0.783871 0.592639
vt 0.783989 0.586183
vt 0.766798 0.588211
vt 0.766614 0.594070
vt 0.756186 0.595499
vt 0.756516 0.590325
vt 0.761244 0.528156
vt 0.831702 0.573399
vt 0.831477 0.589551
vt 0.831411 0.594248
vt 0.745212 0.634714
vt 0.741998 0.637146
vt 0.738791 0.568854
vt 0.742130 0.569119
vt 0.733824 0.640219
vt 0.736429 0.568964
vt 0.753212 0.595314
vt 0.754041 0.591733
vt 0.758889 0.526362
vt 0.763311 0.687922
vt 0.065198 0.265852
vt 0.063081 0.271893
vt 0.016078 0.271940
vt 0.013974 0.265903
vt 0.012821 0.243276
vt 0.066434 0.243223
vt 0.066398 0.226160
vt 0.012866 0.226213
vt 0.012818 0.203715
vt 0.014137 0.151938
vt 0.064789 0.151888
vt 0.066362 0.203663
vt 0.067537 0.243618
vt 0.066240 0.266756
vt 0.063998 0.273029
vt 0.059968 0.275124
vt 0.059283 0.273907
vt 0.019214 0.275165
vt 0.019899 0.273946
vt 0.065794 0.150624
vt 0.067463 0.203457
vt 0.060291 0.148122
vt 0.061029 0.146751
vt 0.067500 0.226293
vt 0.012932 0.266810
vt 0.015162 0.273078
vt 0.011723 0.243673
vt 0.011768 0.226349
vt 0.011720 0.203511
vt 0.013128 0.150675
vt 0.017904 0.146793
vt 0.018647 0.148163
vt 0.003883 0.158604
vt 0.003932 0.117865
vt 0.005456 0.117867
vt 0.005408 0.158613
vt 0.005328 0.335020
vt 0.005473 0.341239
vt 0.003995 0.340883
vt 0.003814 0.334894
vt 0.003996 0.285969
vt 0.003946 0.233187
vt 0.005410 0.232764
vt 0.005474 0.285612
vt 0.005486 0.210050
vt 0.003990 0.210321
vt 0.005581 0.192869
vt 0.004060 0.192947
vt 0.003898 0.169768
vt 0.005423 0.169768
vt 0.005480 0.416799
vt 0.005576 0.433983
vt 0.004055 0.433904
vt 0.003984 0.416528
vt 0.005418 0.457080
vt 0.003893 0.457080
vt 0.005327 0.291817
vt 0.003812 0.291942
vt 0.005372 0.463709
vt 0.005404 0.468248
vt 0.003879 0.468264
vt 0.003847 0.463717
vt 0.005378 0.163135
vt 0.003853 0.163127
vt 0.005410 0.394083
vt 0.003946 0.393660
vt 0.064544 0.403145
vt 0.013892 0.403123
vt 0.012545 0.351342
vt 0.066088 0.351365
vt 0.015767 0.283070
vt 0.062769 0.283091
vt 0.064889 0.289131
vt 0.013666 0.289108
vt 0.012579 0.328829
vt 0.012525 0.311745
vt 0.066139 0.311769
vt 0.066111 0.328852
vt 0.063685 0.281957
vt 0.065930 0.288227
vt 0.067246 0.311344
vt 0.019586 0.281062
vt 0.058970 0.281079
vt 0.059654 0.279864
vt 0.067187 0.351431
vt 0.065550 0.404256
vt 0.060047 0.406913
vt 0.060787 0.408130
vt 0.017662 0.408112
vt 0.018404 0.406895
vt 0.067214 0.328627
vt 0.012624 0.288203
vt 0.011421 0.311319
vt 0.014850 0.281936
vt 0.018900 0.279846
vt 0.011481 0.328603
vt 0.011448 0.351408
vt 0.012883 0.404234
s 1
usemtl 11___Default
f 1/1/1 2/2/2 3/3/3
f 3/3/3 4/4/4 1/1/1
f 5/5/5 6/6/6 2/2/2
f 2/2/2 1/1/1 5/5/5
f 7/7/7 8/8/8 9/9/9
f 9/9/9 10/10/10 7/7/7
f 11/11/11 12/12/12 13/13/13
f 13/13/13 14/14/14 11/11/11
f 15/15/15 16/16/16 17/17/17
f 17/17/17 18/18/18 15/15/15
f 19/19/19 20/20/20 16/16/16
f 16/16/16 15/15/15 19/19/19
f 21/21/21 22/22/22 20/20/20
f 20/20/20 19/19/19 21/21/21
f 23/23/23 24/24/24 22/22/22
f 22/22/22 21/21/21 23/23/23
f 25/25/25 26/26/26 27/27/27
f 27/27/27 28/28/28 25/25/25
f 29/29/29 30/30/30 26/31/26
f 26/31/26 25/32/25 29/29/29
f 31/33/31 32/34/32 27/27/27
f 27/27/27 26/26/26 31/33/31
f 14/14/14 13/13/13 33/35/33
f 33/35/33 34/36/34 14/14/14
f 35/37/35 36/38/36 37/39/37
f 37/39/37 38/40/38 35/37/35
f 39/41/39 40/42/40 41/43/41
f 41/43/41 42/44/42 39/41/39
f 43/45/43 44/46/44 45/47/45
f 45/47/45 46/48/46 43/45/43
f 46/48/46 45/47/45 47/49/47
f 47/49/47 48/50/48 46/48/46
f 42/44/42 41/43/41 49/51/49
f 49/51/49 50/52/50 42/44/42
f 50/52/50 49/51/49 24/24/24
f 24/24/24 23/23/23 50/52/50
f 48/50/48 47/49/47 51/53/51
f 51/53/51 52/54/52 48/50/48
f 52/54/52 51/53/51 53/55/53
f 53/55/53 54/56/54 52/54/52
f 54/56/54 53/55/53 55/57/55
f 55/57/55 56/58/56 54/56/54
f 56/58/56 55/57/55 6/6/6
f 6/6/6 5/5/5 56/58/56
f 57/59/57 58/60/58 36/38/36
f 36/38/36 35/37/35 57/59/57
f 59/61/59 60/62/60 40/42/40
f 40/42/40 39/41/39 59/61/59
f 31/63/31 26/31/26 30/30/30
f 30/30/30 61/64/61 31/63/31
f 34/36/34 33/35/33 8/8/8
f 8/8/8 7/7/7 34/36/34
f 4/4/4 3/3/3 12/12/12
f 12/12/12 11/11/11 4/4/4
f 62/65/62 63/66/63 64/67/64
f 64/67/64 65/68/65 62/65/62
f 62/69/62 66/70/66 67/71/67
f 67/71/67 63/72/63 62/69/62
f 63/72/63 67/71/67 68/73/68
f 68/73/68 69/74/69 63/72/63
f 69/75/69 70/76/70 64/67/64
f 64/67/64 63/66/63 69/75/69
f 71/77/71 72/78/72 73/79/73
f 38/40/38 37/39/37 60/62/60
f 60/62/60 59/61/59 38/40/38
f 74/80/74 75/81/75 76/82/76
f 72/83/72 77/84/77 78/85/78
f 78/85/78 79/86/79 72/83/72
f 18/18/18 17/17/17 77/84/77
f 77/84/77 72/83/72 18/18/18
f 80/87/80 81/88/81 82/89/82
f 82/89/82 83/90/83 80/87/80
f 84/91/84 85/92/85 82/89/82
f 82/89/82 81/88/81 84/91/84
f 86/93/86 87/94/87 88/95/88
f 88/95/88 70/76/70 86/93/86
f 87/96/87 89/97/89 90/98/90
f 90/98/90 88/99/88 87/96/87
f 61/64/61 91/100/91 81/88/81
f 81/88/81 80/87/80 61/64/61
f 91/100/91 92/101/92 84/91/84
f 84/91/84 81/88/81 91/100/91
f 93/102/93 94/103/94 95/104/95
f 95/104/95 96/105/96 93/102/93
f 94/106/94 97/107/97 98/108/98
f 98/108/98 95/109/95 94/106/94
f 95/109/95 98/108/98 99/110/99
f 99/110/99 100/111/100 95/109/95
f 100/112/100 101/113/101 96/105/96
f 96/105/96 95/104/95 100/112/100
f 102/114/102 103/115/103 104/116/104
f 104/116/104 105/117/105 102/114/102
f 106/118/106 104/116/104 107/119/107
f 107/119/107 108/120/108 106/118/106
f 108/120/108 109/121/109 110/122/110
f 110/122/110 106/118/106 108/120/108
f 111/123/111 87/94/87 86/93/86
f 86/93/86 112/124/112 111/123/111
f 111/125/111 113/126/113 89/97/89
f 89/97/89 87/96/87 111/125/111
f 114/127/114 115/128/115 116/129/116
f 116/129/116 76/82/76 114/127/114
f 115/128/115 117/130/117 118/131/118
f 118/131/118 116/129/116 115/128/115
f 116/129/116 118/131/118 119/132/119
f 119/132/119 120/133/120 116/129/116
f 120/133/120 74/80/74 76/82/76
f 76/82/76 116/129/116 120/133/120
f 100/111/100 99/110/99 113/126/113
f 113/126/113 111/125/111 100/111/100
f 101/113/101 100/112/100 111/123/111
f 111/123/111 112/124/112 101/113/101
f 115/128/115 114/127/114 83/90/83
f 83/90/83 82/89/82 115/128/115
f 82/89/82 85/92/85 117/130/117
f 117/130/117 115/128/115 82/89/82
f 6/6/6 121/134/121 122/135/122
f 122/135/122 2/2/2 6/6/6
f 2/2/2 122/135/122 123/136/123
f 123/136/123 3/3/3 2/2/2
f 8/8/8 124/137/124 125/138/125
f 125/138/125 9/9/9 8/8/8
f 12/12/12 126/139/126 127/140/127
f 127/140/127 13/13/13 12/12/12
f 20/20/20 128/141/128 129/142/129
f 129/142/129 16/16/16 20/20/20
f 16/16/16 129/142/129 130/143/130
f 130/143/130 17/17/17 16/16/16
f 24/24/24 131/144/131 132/145/132
f 132/145/132 22/22/22 24/24/24
f 22/22/22 132/145/132 128/141/128
f 128/141/128 20/20/20 22/22/22
f 32/34/32 31/33/31 10/10/10
f 10/10/10 9/9/9 32/34/32
f 9/9/9 125/138/125 133/146/133
f 133/146/133 32/34/32 9/9/9
f 13/13/13 127/140/127 134/147/134
f 134/147/134 33/35/33 13/13/13
f 36/38/36 135/148/135 136/149/136
f 136/149/136 37/39/37 36/38/36
f 40/42/40 137/150/137 138/151/138
f 138/151/138 41/43/41 40/42/40
f 44/46/44 139/152/139 140/153/140
f 140/153/140 45/47/45 44/46/44
f 45/47/45 140/153/140 141/154/141
f 141/154/141 47/49/47 45/47/45
f 41/43/41 138/151/138 142/155/142
f 142/155/142 49/51/49 41/43/41
f 49/51/49 142/155/142 131/144/131
f 131/144/131 24/24/24 49/51/49
f 47/49/47 141/154/141 143/156/143
f 143/156/143 51/53/51 47/49/47
f 51/53/51 143/156/143 144/157/144
f 144/157/144 53/55/53 51/53/51
f 53/55/53 144/157/144 145/158/145
f 145/158/145 55/57/55 53/55/53
f 55/57/55 145/158/145 121/134/121
f 121/134/121 6/6/6 55/57/55
f 58/60/58 146/159/146 135/148/135
f 135/148/135 36/38/36 58/60/58
f 60/62/60 147/160/147 137/150/137
f 137/150/137 40/42/40 60/62/60
f 33/35/33 134/147/134 124/137/124
f 124/137/124 8/8/8 33/35/33
f 3/3/3 123/136/123 126/139/126
f 126/139/126 12/12/12 3/3/3
f 148/161/148 67/71/67 66/70/66
f 66/70/66 149/162/149 148/161/148
f 67/71/67 148/161/148 150/163/150
f 150/163/150 68/73/68 67/71/67
f 37/39/37 136/149/136 147/160/147
f 147/160/147 60/62/60 37/39/37
f 17/17/17 130/143/130 151/164/151
f 151/164/151 77/84/77 17/17/17
f 77/84/77 151/164/151 152/165/152
f 152/165/152 78/85/78 77/84/77
f 153/166/153 73/79/73 154/167/154
f 154/167/154 155/168/155 153/166/153
f 156/169/156 120/133/120 119/132/119
f 119/132/119 157/170/157 156/169/156
f 74/80/74 120/133/120 156/169/156
f 156/169/156 158/171/158 74/80/74
f 159/172/159 160/173/160 161/174/161
f 161/174/161 162/175/162 159/172/159
f 163/176/163 78/85/78 152/165/152
f 152/165/152 164/177/164 163/176/163
f 43/45/43 165/178/165 166/179/166
f 166/179/166 44/46/44 43/45/43
f 160/173/160 159/172/159 165/180/165
f 165/180/165 43/181/43 160/173/160
f 93/102/93 71/77/71 167/182/167
f 167/182/167 168/183/168 93/102/93
f 73/79/73 153/166/153 167/182/167
f 167/182/167 71/77/71 73/79/73
f 169/184/169 170/185/170 171/186/171
f 171/186/171 75/81/75 169/184/169
f 74/80/74 158/171/158 169/184/169
f 169/184/169 75/81/75 74/80/74
f 79/187/79 172/188/172 173/189/173
f 173/189/173 174/190/174 79/187/79
f 78/85/78 163/176/163 172/191/172
f 172/191/172 79/86/79 78/85/78
f 97/107/97 94/106/94 175/192/175
f 175/192/175 176/193/176 97/107/97
f 93/102/93 168/183/168 175/194/175
f 175/194/175 94/103/94 93/102/93
f 161/174/161 171/186/171 170/185/170
f 170/185/170 162/175/162 161/174/161
f 139/152/139 44/46/44 166/179/166
f 166/179/166 177/195/177 139/152/139
f 154/167/154 174/190/174 173/189/173
f 173/189/173 155/168/155 154/167/154
f 178/196/178 179/197/179 177/198/180
f 177/198/180 166/199/181 178/196/178
f 166/199/181 165/200/182 180/201/183
f 180/201/183 178/196/178 166/199/181
f 165/200/182 159/202/184 181/203/185
f 181/203/185 180/201/183 165/200/182
f 159/202/184 162/204/186 182/205/187
f 182/205/187 181/203/185 159/202/184
f 162/204/186 170/206/188 183/207/189
f 183/207/189 182/205/187 162/204/186
f 170/206/188 169/208/190 184/209/191
f 184/209/191 183/207/189 170/206/188
f 169/208/190 158/210/192 185/211/193
f 185/211/193 184/209/191 169/208/190
f 158/210/192 156/212/194 186/213/195
f 186/213/195 185/211/193 158/210/192
f 157/214/196 187/215/197 186/213/195
f 186/213/195 156/212/194 157/214/196
f 102/114/102 188/216/198 176/217/199
f 176/217/199 175/218/200 102/114/102
f 175/218/200 168/219/201 103/115/103
f 103/115/103 102/114/102 175/218/200
f 168/219/201 167/220/202 107/119/107
f 107/119/107 103/115/103 168/219/201
f 153/221/203 108/120/108 107/119/107
f 107/119/107 167/220/202 153/221/203
f 153/221/203 155/222/204 109/121/109
f 109/121/109 108/120/108 153/221/203
f 155/222/204 173/223/205 189/224/206
f 189/224/206 109/121/109 155/222/204
f 173/223/205 172/225/207 190/226/208
f 190/226/208 189/224/206 173/223/205
f 172/225/207 163/227/209 191/228/210
f 191/228/210 190/226/208 172/225/207
f 164/229/211 192/230/212 191/228/210
f 191/228/210 163/227/209 164/229/211
f 68/73/68 58/60/58 57/59/57
f 57/59/57 69/74/69 68/73/68
f 133/146/133 193/231/213 27/27/27
f 27/27/27 32/34/32 133/146/133
f 28/28/28 27/27/27 193/231/213
f 193/231/213 194/232/214 28/28/28
f 150/163/150 146/159/146 58/60/58
f 58/60/58 68/73/68 150/163/150
f 180/201/183 195/233/215 196/234/216
f 178/196/178 180/201/183 196/234/216
f 178/196/178 196/234/216 197/235/217
f 178/196/178 197/235/217 198/236/218
f 179/197/179 178/196/178 198/236/218
f 186/213/195 199/237/219 200/238/220
f 200/238/220 185/211/193 186/213/195
f 186/213/195 187/215/197 199/237/219
f 123/136/123 122/135/122 142/155/142
f 142/155/142 138/151/138 123/136/123
f 131/144/131 142/155/142 122/135/122
f 122/135/122 121/134/121 131/144/131
f 84/91/84 92/101/92 90/98/90
f 90/98/90 89/97/89 84/91/84
f 84/91/84 89/97/89 113/126/113
f 113/126/113 85/92/85 84/91/84
f 144/157/144 143/156/143 129/142/129
f 129/142/129 128/141/128 144/157/144
f 143/156/143 141/154/141 130/143/130
f 130/143/130 129/142/129 143/156/143
f 145/158/145 132/145/132 131/144/131
f 131/144/131 121/134/121 145/158/145
f 132/145/132 145/158/145 144/157/144
f 144/157/144 128/141/128 132/145/132
f 146/159/146 125/138/125 124/137/124
f 124/137/124 135/148/135 146/159/146
f 147/160/147 127/140/127 126/139/126
f 126/139/126 137/150/137 147/160/147
f 150/163/150 133/146/133 125/138/125
f 125/138/125 146/159/146 150/163/150
f 134/147/134 136/149/136 135/148/135
f 135/148/135 124/137/124 134/147/134
f 136/149/136 134/147/134 127/140/127
f 127/140/127 147/160/147 136/149/136
f 123/136/123 138/151/138 137/150/137
f 137/150/137 126/139/126 123/136/123
f 118/131/118 117/130/117 99/110/99
f 99/110/99 98/108/98 118/131/118
f 98/108/98 97/107/97 119/132/119
f 119/132/119 118/131/118 98/108/98
f 151/164/151 130/143/130 141/154/141
f 141/154/141 140/153/140 151/164/151
f 140/153/140 139/152/139 152/165/152
f 152/165/152 151/164/151 140/153/140
f 99/110/99 117/130/117 85/92/85
f 85/92/85 113/126/113 99/110/99
f 119/132/119 97/107/97 176/193/176
f 176/193/176 157/170/157 119/132/119
f 177/195/177 164/177/164 152/165/152
f 152/165/152 139/152/139 177/195/177
f 188/216/198 187/215/197 157/214/196
f 157/214/196 176/217/199 188/216/198
f 164/229/211 177/198/180 179/197/179
f 179/197/179 192/230/212 164/229/211
f 201/239/221 202/240/222 133/146/133
f 133/146/133 150/163/150 201/239/221
f 203/241/223 202/240/222 201/239/221
f 201/239/221 204/242/224 203/241/223
f 201/239/221 148/161/148 149/162/149
f 149/162/149 204/242/224 201/239/221
f 205/243/225 206/244/226 190/226/208
f 205/243/225 190/226/208 191/228/210
f 207/245/227 205/243/225 191/228/210
f 207/245/227 191/228/210 192/230/212
f 207/245/227 192/230/212 208/246/228
f 193/231/213 202/240/222 203/241/223
f 203/241/223 194/232/214 193/231/213
f 190/226/208 206/244/226 209/247/229
f 209/247/229 189/224/206 190/226/208
f 103/115/103 107/119/107 104/116/104
f 189/224/206 209/247/229 110/122/110
f 110/122/110 109/121/109 189/224/206
f 181/203/185 210/248/230 195/233/215
f 195/233/215 180/201/183 181/203/185
f 211/249/231 210/248/230 181/203/185
f 181/203/185 182/205/187 211/249/231
f 183/207/189 212/250/232 211/249/231
f 211/249/231 182/205/187 183/207/189
f 200/238/220 212/250/232 183/207/189
f 183/207/189 184/209/191 200/238/220
f 185/211/193 200/238/220 184/209/191
f 192/230/212 179/197/179 198/236/218
f 198/236/218 208/246/228 192/230/212
f 110/122/110 213/251/233 214/252/234
f 214/252/234 106/118/106 110/122/110
f 214/252/234 215/253/235 104/116/104
f 104/116/104 106/118/106 214/252/234
f 196/234/216 216/254/236 217/255/237
f 217/255/237 197/235/217 196/234/216
f 197/235/217 217/255/237 218/256/238
f 218/256/238 198/236/218 197/235/217
f 105/117/105 219/257/239 220/258/240
f 220/258/240 199/237/219 105/117/105
f 199/237/219 220/258/240 221/259/241
f 221/259/241 200/238/220 199/237/219
f 208/246/228 222/260/242 223/261/243
f 223/261/243 207/245/227 208/246/228
f 205/243/225 224/262/244 225/263/245
f 225/263/245 206/244/226 205/243/225
f 206/244/226 225/263/245 226/264/246
f 226/264/246 209/247/229 206/244/226
f 209/247/229 226/264/246 213/251/233
f 213/251/233 110/122/110 209/247/229
f 210/248/230 227/265/247 228/266/248
f 228/266/248 195/233/215 210/248/230
f 195/233/215 228/266/248 216/254/236
f 216/254/236 196/234/216 195/233/215
f 211/249/231 229/267/249 227/265/247
f 227/265/247 210/248/230 211/249/231
f 212/250/232 230/268/250 229/267/249
f 229/267/249 211/249/231 212/250/232
f 200/238/220 221/259/241 230/268/250
f 230/268/250 212/250/232 200/238/220
f 198/236/218 218/256/238 222/260/242
f 222/260/242 208/246/228 198/236/218
f 207/245/227 223/261/243 224/262/244
f 224/262/244 205/243/225 207/245/227
f 104/116/104 215/253/235 219/257/239
f 219/257/239 105/117/105 104/116/104
f 231/269/251 232/270/252 220/258/240
f 220/258/240 219/257/239 231/269/251
f 219/257/239 215/253/235 233/271/253
f 233/271/253 231/269/251 219/257/239
f 215/253/235 214/252/234 234/272/254
f 234/272/254 233/271/253 215/253/235
f 214/252/234 213/251/233 235/273/255
f 235/273/255 234/272/254 214/252/234
f 213/251/233 226/264/246 236/274/256
f 236/274/256 235/273/255 213/251/233
f 226/264/246 225/263/245 237/275/257
f 237/275/257 236/274/256 226/264/246
f 225/263/245 224/262/244 238/276/258
f 238/276/258 237/275/257 225/263/245
f 224/262/244 223/261/243 239/277/259
f 239/277/259 238/276/258 224/262/244
f 218/256/238 217/255/237 240/278/260
f 218/256/238 240/278/260 239/277/259
f 218/256/238 239/277/259 223/261/243
f 218/256/238 223/261/243 222/260/242
f 216/254/236 228/266/248 241/279/261
f 241/279/261 242/280/262 216/254/236
f 228/266/248 227/265/247 243/281/263
f 243/281/263 241/279/261 228/266/248
f 227/265/247 229/267/249 244/282/264
f 244/282/264 243/281/263 227/265/247
f 229/267/249 230/268/250 245/283/265
f 245/283/265 244/282/264 229/267/249
f 230/268/250 221/259/241 246/284/266
f 246/284/266 245/283/265 230/268/250
f 221/259/241 220/258/240 232/270/252
f 232/270/252 246/284/266 221/259/241
f 234/285/267 235/286/268 247/287/269
f 236/288/270 237/289/271 247/287/269
f 237/289/271 238/290/272 248/291/273
f 248/291/273 247/287/269 237/289/271
f 239/292/274 240/293/275 249/294/276
f 249/294/276 250/295/277 239/292/274
f 240/293/275 242/296/278 251/297/279
f 251/297/279 249/294/276 240/293/275
f 241/298/280 243/299/281 252/300/282
f 243/299/281 244/301/283 252/300/282
f 245/302/284 253/303/285 252/300/282
f 246/304/286 232/305/287 254/306/288
f 254/306/288 253/303/285 246/304/286
f 232/305/287 231/307/289 255/308/290
f 255/308/290 254/306/288 232/305/287
f 217/255/237 216/254/236 242/280/262
f 242/280/262 240/278/260 217/255/237
f 231/309/289 233/310/291 256/311/292
f 256/311/292 255/312/290 231/309/289
f 256/311/292 234/285/267 247/287/269
f 235/286/268 236/288/270 247/287/269
f 238/290/272 239/292/274 250/295/277
f 250/295/277 248/291/273 238/290/272
f 242/296/278 241/298/280 252/300/282
f 252/300/282 251/297/279 242/296/278
f 244/301/283 245/302/284 252/300/282
f 247/313/293 257/314/294 258/315/295
f 258/315/295 256/316/296 247/313/293
f 257/317/294 247/318/293 248/319/297
f 250/320/298 249/321/299 259/322/300
f 259/322/300 257/317/294 250/320/298
f 257/317/294 248/319/297 250/320/298
f 259/322/300 249/321/299 251/323/301
f 259/322/300 251/323/301 252/324/302
f 260/325/303 259/322/300 252/324/302
f 252/324/302 253/326/304 260/325/303
f 255/327/305 261/328/306 262/329/307
f 262/329/307 254/330/308 255/327/305
f 255/327/305 256/316/296 261/328/306
f 258/315/295 261/328/306 256/316/296
f 258/315/295 260/325/303 262/329/307
f 262/329/307 261/328/306 258/315/295
f 253/326/304 254/330/308 262/329/307
f 260/325/303 253/326/304 262/329/307
f 188/216/198 102/114/102 105/117/105
f 188/216/198 105/117/105 199/237/219
f 199/237/219 187/215/197 188/216/198
f 256/311/292 233/310/291 234/285/267
f 245/302/284 246/304/286 253/303/285
f 259/331/309 260/332/309 258/333/309
f 258/333/309 257/334/309 259/331/309
f 71/77/71 93/102/93 96/105/96
f 75/81/75 46/335/46 76/82/76
f 72/78/72 79/187/79 174/190/174
f 160/173/160 43/181/43 46/335/46
f 72/78/72 174/190/174 154/167/154
f 161/174/161 160/173/160 46/335/46
f 72/78/72 154/167/154 73/79/73
f 171/186/171 161/174/161 46/335/46
f 71/77/71 96/105/96 72/78/72
f 75/81/75 171/186/171 46/335/46
f 48/336/48 114/127/114 76/82/76
f 76/82/76 46/335/46 48/336/48
f 96/105/96 101/113/101 18/337/18
f 18/337/18 72/78/72 96/105/96
f 48/336/48 83/90/83 114/127/114
f 101/113/101 112/124/112 18/337/18
f 48/336/48 52/338/52 83/90/83
f 112/124/112 15/339/15 18/337/18
f 52/338/52 54/340/54 83/90/83
f 112/124/112 19/341/19 15/339/15
f 54/340/54 56/342/56 83/90/83
f 112/124/112 21/343/21 19/341/19
f 56/342/56 5/344/5 83/90/83
f 112/124/112 23/345/23 21/343/21
f 5/344/5 80/87/80 83/90/83
f 112/124/112 86/93/86 23/345/23
f 5/344/5 1/346/1 80/87/80
f 86/93/86 50/347/50 23/345/23
f 1/346/1 4/348/4 80/87/80
f 86/93/86 42/349/42 50/347/50
f 4/348/4 11/350/11 80/87/80
f 86/93/86 39/351/39 42/349/42
f 11/350/11 14/352/14 80/87/80
f 86/93/86 59/353/59 39/351/39
f 14/352/14 61/64/61 80/87/80
f 86/93/86 70/76/70 59/353/59
f 14/352/14 34/354/34 61/64/61
f 70/76/70 38/355/38 59/353/59
f 34/354/34 7/356/7 61/64/61
f 70/76/70 35/357/35 38/355/38
f 7/356/7 10/358/10 61/64/61
f 70/76/70 57/359/57 35/357/35
f 10/358/10 31/63/31 61/64/61
f 70/76/70 69/75/69 57/359/57
f 148/161/148 201/239/221 150/163/150
f 133/146/133 202/240/222 193/231/213
f 263/360/310 264/361/311 265/362/312
f 265/362/312 266/363/313 263/360/310
f 264/361/311 267/364/314 268/365/315
f 268/365/315 265/362/312 264/361/311
f 266/363/313 265/362/312 269/366/316
f 269/366/316 270/367/317 266/363/313
f 271/368/318 272/369/319 273/370/320
f 273/370/320 272/369/319 274/371/321
f 274/371/321 275/372/322 273/370/320
f 276/373/323 277/374/324 278/375/325
f 278/375/325 279/376/326 276/373/323
f 279/376/326 280/377/327 276/373/323
f 281/378/328 282/379/329 283/380/330
f 284/381/331 285/382/328 286/383/328
f 283/380/330 284/381/331 286/383/328
f 281/378/328 283/380/330 286/383/328
f 287/384/332 288/385/333 289/386/334
f 290/387/335 291/388/336 292/389/337
f 293/390/338 267/391/339 294/392/340
f 294/392/340 295/393/341 293/390/338
f 271/368/318 273/370/320 296/394/342
f 285/395/343 297/396/344 298/397/345
f 298/397/345 299/398/346 285/395/343
f 299/398/346 298/397/345 300/399/347
f 300/399/347 301/400/348 299/398/346
f 302/401/349 303/402/350 304/403/351
f 304/403/351 305/404/352 302/401/349
f 306/405/353 307/406/354 308/407/355
f 308/407/355 309/408/356 306/405/353
f 274/371/321 310/409/357 311/410/358
f 311/410/358 275/372/322 274/371/321
f 311/410/358 281/411/359 279/376/326
f 279/376/326 275/372/322 311/410/358
f 312/412/360 313/413/361 279/376/326
f 286/414/362 312/412/360 279/376/326
f 279/376/326 281/411/359 286/414/362
f 279/376/326 313/413/361 280/377/327
f 300/399/347 307/406/354 306/405/353
f 306/405/353 301/400/348 300/399/347
f 278/375/325 314/415/363 291/388/336
f 278/375/325 277/374/324 314/415/363
f 308/407/355 315/416/364 316/417/365
f 316/417/365 309/408/356 308/407/355
f 315/416/364 303/418/366 302/419/367
f 302/419/367 316/417/365 315/416/364
f 290/387/335 317/420/368 278/375/325
f 278/375/325 291/388/336 290/387/335
f 293/421/369 318/422/370 319/423/371
f 319/423/371 320/424/372 293/421/369
f 320/424/372 319/423/371 321/425/373
f 321/425/373 322/426/374 320/424/372
f 323/427/375 324/428/376 325/429/377
f 325/429/377 326/430/378 323/427/375
f 324/431/379 323/432/380 327/433/381
f 327/433/381 328/434/382 324/431/379
f 327/433/381 329/435/383 322/426/374
f 328/434/382 327/433/381 322/426/374
f 322/426/374 321/425/373 328/434/382
f 269/366/316 265/362/312 268/365/315
f 268/365/315 330/436/384 269/366/316
f 305/437/385 331/438/386 289/439/387
f 289/439/387 302/440/388 305/437/385
f 289/386/334 288/385/333 290/387/335
f 290/387/335 316/417/365 302/419/367
f 289/386/334 290/387/335 302/419/367
f 263/441/389 332/442/390 333/443/391
f 333/443/391 264/444/392 263/441/389
f 310/445/393 334/446/394 335/447/395
f 335/447/395 311/448/396 310/445/393
f 297/449/397 336/450/398 337/451/399
f 337/451/399 298/452/400 297/449/397
f 332/442/390 263/441/389 266/453/401
f 266/453/401 338/454/402 332/442/390
f 338/454/402 266/453/401 270/455/403
f 270/455/403 339/456/404 338/454/402
f 307/457/405 340/458/406 341/459/407
f 341/459/407 308/460/408 307/457/405
f 271/461/409 342/462/410 343/463/411
f 343/463/411 272/464/412 271/461/409
f 344/465/413 287/466/414 289/439/387
f 289/439/387 331/438/386 344/465/413
f 342/462/410 271/461/409 296/467/415
f 296/467/415 345/468/416 342/462/410
f 296/467/415 346/469/417 347/470/418
f 347/470/418 345/468/416 296/467/415
f 336/450/398 297/449/397 285/471/419
f 285/471/419 284/472/420 336/450/398
f 337/451/399 348/473/421 300/474/422
f 300/474/422 298/452/400 337/451/399
f 334/446/394 310/445/393 274/475/423
f 274/475/423 349/476/424 334/446/394
f 349/476/424 274/475/423 272/477/425
f 272/477/425 343/478/426 349/476/424
f 340/458/406 307/457/405 300/474/422
f 300/474/422 348/473/421 340/458/406
f 325/429/377 324/428/376 328/479/427
f 328/479/427 350/480/428 325/429/377
f 328/481/429 321/482/430 351/483/431
f 351/483/431 350/484/432 328/481/429
f 308/460/408 341/459/407 352/485/433
f 352/485/433 315/486/434 308/460/408
f 304/403/351 303/402/350 315/486/434
f 315/486/434 352/485/433 304/403/351
f 294/392/340 267/391/339 264/487/435
f 264/487/435 333/488/436 294/392/340
f 282/379/329 281/378/328 311/448/396
f 311/448/396 335/447/395 282/379/329
f 353/489/437 318/490/438 293/390/338
f 293/390/338 295/393/341 353/489/437
f 333/488/436 354/491/439 355/492/440
f 355/492/440 294/392/340 333/488/436
f 287/384/332 356/493/441 288/385/333
f 357/494/442 288/385/333 356/493/441
f 356/493/441 358/495/443 357/494/442
f 356/496/444 287/466/414 344/465/413
f 344/465/413 359/497/445 356/496/444
f 330/436/384 360/498/446 269/366/316
f 358/495/443 361/499/447 360/498/446
f 360/498/446 357/494/442 358/495/443
f 361/499/447 270/367/317 269/366/316
f 269/366/316 360/498/446 361/499/447
f 330/436/384 357/494/442 360/498/446
f 270/455/403 361/500/448 362/501/449
f 362/501/449 339/456/404 270/455/403
f 361/500/448 358/502/450 363/503/451
f 363/503/451 362/501/449 361/500/448
f 359/497/445 363/503/451 358/502/450
f 358/502/450 356/496/444 359/497/445
f 353/489/437 364/504/452 365/505/453
f 365/505/453 366/506/454 353/489/437
f 321/482/430 319/507/455 366/506/454
f 366/506/454 351/483/431 321/482/430
f 319/507/455 318/490/438 353/489/437
f 353/489/437 366/506/454 319/507/455
f 367/508/456 346/509/457 296/394/342
f 296/394/342 273/370/320 367/508/456
f 368/510/458 329/435/383 327/433/381
f 369/511/459 370/512/460 371/513/461
f 369/511/459 372/514/462 370/512/460
f 367/508/456 373/515/463 372/514/462
f 367/508/456 374/516/464 373/515/463
f 367/508/456 330/436/384 374/516/464
f 330/436/384 375/517/465 376/518/466
f 377/519/467 378/520/468 379/521/469
f 379/521/469 380/522/470 377/519/467
f 381/523/471 382/524/472 383/525/473
f 383/525/473 384/526/474 381/523/471
f 385/527/475 386/528/476 387/529/477
f 387/529/477 388/530/478 385/527/475
f 389/531/479 390/532/480 391/533/481
f 391/533/481 392/534/482 389/531/479
f 393/535/483 394/536/484 395/537/485
f 395/537/485 396/538/486 393/535/483
f 397/539/487 398/540/488 399/541/489
f 399/541/489 400/542/490 397/539/487
f 380/522/470 398/540/488 397/539/487
f 397/539/487 377/519/467 380/522/470
f 384/526/474 379/521/469 378/520/468
f 378/520/468 381/523/471 384/526/474
f 388/543/478 383/525/473 382/524/472
f 382/524/472 385/544/475 388/543/478
f 392/534/482 387/529/477 386/528/476
f 386/528/476 389/531/479 392/534/482
f 396/538/486 391/533/481 390/532/480
f 390/532/480 393/535/483 396/538/486
f 399/541/489 395/537/485 394/536/484
f 394/536/484 400/542/490 399/541/489
f 329/545/491 378/520/468 377/519/467
f 377/519/467 401/546/492 329/545/491
f 397/539/487 402/547/493 401/546/492
f 401/546/492 377/519/467 397/539/487
f 371/548/494 382/524/472 381/523/471
f 381/523/471 368/549/495 371/548/494
f 378/520/468 329/545/491 368/549/495
f 368/549/495 381/523/471 378/520/468
f 372/550/496 386/528/476 385/527/475
f 385/527/475 370/551/497 372/550/496
f 382/524/472 371/548/494 370/552/497
f 370/552/497 385/544/475 382/524/472
f 374/553/498 390/532/480 389/531/479
f 389/531/479 373/554/499 374/553/498
f 386/528/476 372/550/496 373/554/499
f 373/554/499 389/531/479 386/528/476
f 375/555/500 394/536/484 393/535/483
f 393/535/483 376/556/501 375/555/500
f 390/532/480 374/553/498 376/556/501
f 376/556/501 393/535/483 390/532/480
f 402/547/493 397/539/487 400/542/490
f 400/542/490 403/557/502 402/547/493
f 394/536/484 375/555/500 403/557/502
f 403/557/502 400/542/490 394/536/484
f 369/511/459 371/513/461 327/433/381
f 323/432/380 404/558/503 369/511/459
f 369/511/459 327/433/381 323/432/380
f 404/558/503 346/509/457 367/508/456
f 367/508/456 369/511/459 404/558/503
f 346/469/417 404/559/504 405/560/505
f 405/560/505 347/470/418 346/469/417
f 326/430/378 405/560/505 404/559/504
f 404/559/504 323/427/375 326/430/378
f 322/426/374 330/436/384 268/365/315
f 268/365/315 320/424/372 322/426/374
f 268/365/315 267/364/314 293/421/369
f 293/421/369 320/424/372 268/365/315
f 290/387/335 406/561/506 316/417/365
f 285/395/343 299/398/346 312/412/360
f 312/412/360 286/414/362 285/395/343
f 290/387/335 292/389/337 406/561/506
f 301/400/348 407/562/507 299/398/346
f 306/405/353 408/563/508 409/564/509
f 409/564/509 301/400/348 306/405/353
f 312/412/360 299/398/346 410/565/510
f 408/563/508 306/405/353 309/408/356
f 309/408/356 406/561/506 408/563/508
f 312/412/360 411/566/511 412/567/512
f 312/412/360 410/565/510 411/566/511
f 413/568/513 414/569/514 415/570/515
f 415/570/515 416/571/516 413/568/513
f 417/572/517 418/573/518 419/574/519
f 419/574/519 420/575/520 417/572/517
f 421/576/521 422/577/522 423/578/523
f 423/578/523 424/579/524 421/576/521
f 425/580/525 426/581/526 427/582/527
f 427/582/527 428/583/528 425/580/525
f 429/584/529 430/585/530 431/586/531
f 431/586/531 432/587/532 429/584/529
f 433/588/533 434/589/534 435/590/535
f 435/590/535 436/591/536 433/588/533
f 437/592/537 438/593/538 439/594/539
f 439/594/539 440/595/540 437/592/537
f 441/596/541 442/597/542 443/598/543
f 443/598/543 444/599/544 441/596/541
f 410/600/545 414/569/514 413/568/513
f 413/568/513 411/601/546 410/600/545
f 425/580/525 412/602/547 411/603/546
f 411/603/546 413/604/513 425/580/525
f 291/605/548 418/573/518 417/572/517
f 417/572/517 292/606/549 291/605/548
f 441/596/541 406/607/550 292/606/549
f 292/606/549 417/572/517 441/596/541
f 280/608/551 422/577/522 421/576/521
f 421/576/521 276/609/552 280/608/551
f 429/584/529 277/610/553 276/609/552
f 276/609/552 421/576/521 429/584/529
f 412/602/547 425/580/525 428/583/528
f 428/583/528 313/611/554 412/602/547
f 422/577/522 280/608/551 313/611/554
f 313/611/554 428/583/528 422/577/522
f 277/610/553 429/584/529 432/587/532
f 432/587/532 314/612/555 277/610/553
f 418/573/518 291/605/548 314/612/555
f 314/612/555 432/587/532 418/573/518
f 409/613/556 434/589/534 433/588/533
f 433/588/533 407/614/557 409/613/556
f 437/592/537 445/615/558 407/614/557
f 407/614/557 433/588/533 437/592/537
f 445/615/558 437/592/537 440/595/540
f 440/595/540 446/616/559 445/615/558
f 414/569/514 410/600/545 446/616/559
f 446/616/559 440/595/540 414/569/514
f 406/607/550 441/596/541 444/599/544
f 444/599/544 408/617/560 406/607/550
f 434/589/534 409/613/556 408/617/560
f 408/617/560 444/599/544 434/589/534
f 416/618/516 426/581/526 425/580/525
f 425/580/525 413/604/513 416/618/516
f 420/575/520 442/597/542 441/596/541
f 441/596/541 417/572/517 420/575/520
f 424/579/524 430/585/530 429/584/529
f 429/584/529 421/576/521 424/579/524
f 427/582/527 423/578/523 422/577/522
f 422/577/522 428/583/528 427/582/527
f 431/586/531 419/574/519 418/573/518
f 418/573/518 432/587/532 431/586/531
f 436/591/536 438/593/538 437/592/537
f 437/592/537 433/588/533 436/591/536
f 439/594/539 415/570/515 414/569/514
f 414/569/514 440/595/540 439/594/539
f 443/598/543 435/590/535 434/589/534
f 434/589/534 444/599/544 443/598/543
f 447/619/561 448/620/562 342/462/410
f 342/462/410 345/468/416 447/619/561
f 449/621/563 450/622/564 336/450/398
f 336/450/398 284/472/420 449/621/563
f 451/623/565 452/624/566 340/458/406
f 340/458/406 348/473/421 451/623/565
f 453/625/567 454/626/568 304/403/351
f 304/403/351 352/485/433 453/625/567
f 351/483/431 455/627/569 456/628/570
f 456/628/570 350/484/432 351/483/431
f 409/564/509 407/562/507 301/400/348
f 299/398/346 446/629/571 410/565/510
f 406/561/506 309/408/356 316/417/365
f 445/630/572 446/629/571 299/398/346
f 407/562/507 445/630/572 299/398/346
f 312/412/360 412/567/512 313/413/361
f 371/513/461 368/510/458 327/433/381
f 369/511/459 367/508/456 372/514/462
f 401/631/573 402/632/574 322/426/374
f 402/632/574 403/633/575 322/426/374
f 330/436/384 403/633/575 375/517/465
f 357/494/442 330/436/384 457/634/576
f 329/435/383 401/631/573 322/426/374
f 403/633/575 330/436/384 322/426/374
f 330/436/384 376/518/466 374/516/464
f 458/635/577 459/636/578 460/637/579
f 460/637/579 461/638/580 458/635/577
f 458/635/577 462/639/581 463/640/582
f 463/640/582 459/636/578 458/635/577
f 464/641/583 463/640/582 462/639/581
f 462/639/581 465/642/584 464/641/583
f 466/643/585 464/641/583 465/642/584
f 465/642/584 467/644/586 466/643/585
f 467/644/586 468/645/587 469/646/588
f 469/646/588 466/643/585 467/644/586
f 470/647/589 469/646/588 468/645/587
f 468/645/587 471/648/590 470/647/589
f 472/649/591 470/647/589 471/648/590
f 471/648/590 473/650/592 472/649/591
f 474/651/593 472/649/591 473/650/592
f 473/650/592 475/652/594 474/651/593
f 476/653/595 477/654/596 474/651/593
f 474/651/593 475/652/594 476/653/595
f 478/655/597 477/654/596 476/653/595
f 476/653/595 479/656/598 478/655/597
f 480/657/599 478/655/597 479/656/598
f 479/656/598 481/658/600 480/657/599
f 482/659/601 480/657/599 481/658/600
f 481/658/600 483/660/602 482/659/601
f 484/661/603 485/662/604 482/659/601
f 482/659/601 483/660/602 484/661/603
f 486/663/605 485/662/604 484/661/603
f 484/661/603 487/664/606 486/663/605
f 488/665/607 486/666/605 487/667/606
f 487/667/606 489/668/608 488/665/607
f 489/668/608 461/638/580 460/637/579
f 460/637/579 488/665/607 489/668/608
f 490/669/609 278/375/325 491/670/610
f 278/375/325 492/671/611 491/670/610
f 468/645/587 493/672/612 494/673/613
f 494/673/613 471/648/590 468/645/587
f 489/668/608 495/674/614 496/675/615
f 496/675/615 461/638/580 489/668/608
f 461/638/580 496/675/615 490/676/616
f 490/676/616 458/635/577 461/638/580
f 458/635/577 490/676/616 491/677/617
f 491/677/617 462/639/581 458/635/577
f 462/639/581 491/677/617 492/678/618
f 492/678/618 465/642/584 462/639/581
f 465/642/584 492/678/618 497/679/619
f 497/679/619 467/644/586 465/642/584
f 471/648/590 494/673/613 498/680/620
f 498/680/620 473/650/592 471/648/590
f 473/650/592 498/680/620 499/681/621
f 499/681/621 475/652/594 473/650/592
f 475/652/594 499/681/621 500/682/622
f 500/682/622 476/653/595 475/652/594
f 476/653/595 500/682/622 501/683/623
f 501/683/623 479/656/598 476/653/595
f 479/656/598 501/683/623 502/684/624
f 502/684/624 481/658/600 479/656/598
f 481/658/600 502/684/624 503/685/625
f 503/685/625 483/660/602 481/658/600
f 483/660/602 503/685/625 504/686/626
f 504/686/626 484/661/603 483/660/602
f 484/661/603 504/686/626 505/687/627
f 505/687/627 487/664/606 484/661/603
f 487/667/606 505/688/627 495/674/614
f 495/674/614 489/668/608 487/667/606
f 467/644/586 497/679/619 493/672/612
f 493/672/612 468/645/587 467/644/586
f 490/669/609 279/376/326 278/375/325
f 317/420/368 288/385/333 457/634/576
f 502/689/628 501/690/629 273/370/320
f 273/370/320 501/690/629 500/691/630
f 503/692/631 273/370/320 275/372/322
f 504/693/632 503/692/631 275/372/322
f 505/694/633 504/693/632 275/372/322
f 495/695/634 505/694/633 275/372/322
f 503/692/631 502/689/628 273/370/320
f 495/695/634 275/372/322 279/376/326
f 496/696/635 495/695/634 279/376/326
f 490/669/609 496/696/635 279/376/326
f 457/634/576 498/697/636 317/420/368
f 290/387/335 288/385/333 317/420/368
f 497/698/637 492/671/611 317/420/368
f 492/671/611 278/375/325 317/420/368
f 493/699/638 497/698/637 317/420/368
f 494/700/639 493/699/638 317/420/368
f 498/697/636 494/700/639 317/420/368
f 457/634/576 499/701/640 498/697/636
f 457/634/576 500/691/630 499/701/640
f 457/634/576 273/370/320 500/691/630
f 288/385/333 357/494/442 457/634/576
f 330/436/384 367/508/456 457/634/576
f 442/702/641 419/703/641 431/704/641
f 431/704/641 443/705/641 442/702/641
f 443/705/641 431/704/641 430/706/641
f 430/706/641 435/707/641 443/705/641
f 435/707/641 430/706/641 424/708/641
f 424/708/641 436/709/641 435/707/641
f 436/709/641 424/708/641 423/710/641
f 423/710/641 438/711/641 436/709/641
f 438/711/641 423/710/641 427/712/641
f 427/712/641 439/713/641 438/711/641
f 439/713/641 427/712/641 426/714/641
f 426/714/641 415/715/641 439/713/641
f 415/715/641 426/714/641 416/716/641
f 419/703/641 442/702/641 420/717/641
f 485/718/641 488/719/641 460/720/641
f 460/720/641 482/721/641 485/718/641
f 482/721/641 460/720/641 459/722/641
f 459/722/641 480/723/641 482/721/641
f 480/723/641 459/722/641 463/724/641
f 463/724/641 478/725/641 480/723/641
f 478/725/641 463/724/641 464/726/641
f 464/726/641 477/727/641 478/725/641
f 477/727/641 464/726/641 466/728/641
f 466/728/641 474/729/641 477/727/641
f 474/729/641 466/728/641 469/730/641
f 469/730/641 472/731/641 474/729/641
f 488/719/641 485/718/641 486/732/641
f 472/731/641 469/730/641 470/733/641
f 305/404/352 304/403/351 454/626/568
f 454/626/568 506/734/642 305/404/352
f 507/735/643 337/451/399 336/450/398
f 336/450/398 450/622/564 507/735/643
f 332/442/390 338/454/402 508/736/644
f 508/736/644 509/737/645 332/442/390
f 341/459/407 340/458/406 452/624/566
f 452/624/566 510/738/646 341/459/407
f 294/392/340 355/492/440 511/739/647
f 511/739/647 295/393/341 294/392/340
f 451/623/565 348/473/421 337/451/399
f 337/451/399 507/735/643 451/623/565
f 352/485/433 341/459/407 510/738/646
f 510/738/646 453/625/567 352/485/433
f 366/506/454 365/505/453 455/627/569
f 455/627/569 351/483/431 366/506/454
f 512/740/648 513/741/649 447/619/561
f 514/742/650 512/740/648 447/619/561
f 326/430/378 514/742/650 447/619/561
f 405/560/505 326/430/378 447/619/561
f 347/470/418 405/560/505 447/619/561
f 345/468/416 347/470/418 447/619/561
f 515/743/651 516/744/652 517/745/653
f 517/745/653 518/746/654 515/743/651
f 518/746/654 517/745/653 519/747/655
f 519/747/655 520/748/656 518/746/654
f 516/744/652 521/749/657 522/750/658
f 522/750/658 517/745/653 516/744/652
f 523/751/659 524/752/660 525/753/661
f 524/752/660 526/754/662 527/755/663
f 527/755/663 525/753/661 524/752/660
f 528/756/664 529/757/665 530/758/666
f 530/758/666 531/759/667 528/756/664
f 529/757/665 528/756/664 532/760/668
f 533/761/669 534/762/669 535/763/670
f 533/761/669 535/763/670 536/764/671
f 537/765/669 533/761/669 536/764/671
f 537/765/669 536/764/671 538/766/671
f 539/767/672 540/768/673 541/769/674
f 542/770/675 543/771/676 544/772/677
f 545/773/678 511/739/647 355/492/440
f 355/492/440 520/774/679 545/773/678
f 523/751/659 546/775/680 524/752/660
f 534/776/681 547/777/682 548/778/683
f 548/778/683 549/779/684 534/776/681
f 547/777/682 550/780/685 551/781/686
f 551/781/686 548/778/683 547/777/682
f 552/782/687 553/783/688 554/784/689
f 554/784/689 555/785/690 552/782/687
f 556/786/691 557/787/692 558/788/693
f 558/788/693 559/789/694 556/786/691
f 527/755/663 526/754/662 560/790/695
f 560/790/695 561/791/696 527/755/663
f 560/790/695 526/754/662 529/757/665
f 529/757/665 537/792/697 560/790/695
f 562/793/698 529/757/665 563/794/699
f 533/795/700 537/792/697 529/757/665
f 529/757/665 562/793/698 533/795/700
f 529/757/665 532/760/668 563/794/699
f 551/781/686 550/780/685 556/786/691
f 556/786/691 559/789/694 551/781/686
f 530/758/666 544/772/677 564/796/701
f 530/758/666 564/796/701 531/759/667
f 558/788/693 557/787/692 565/797/702
f 565/797/702 566/798/703 558/788/693
f 566/798/703 565/797/702 552/799/704
f 552/799/704 555/800/705 566/798/703
f 542/770/675 544/772/677 530/758/666
f 530/758/666 567/801/706 542/770/675
f 545/802/707 568/803/708 569/804/709
f 569/804/709 570/805/710 545/802/707
f 568/803/708 571/806/711 572/807/712
f 572/807/712 569/804/709 568/803/708
f 573/808/713 514/742/650 574/809/714
f 574/809/714 575/810/715 573/808/713
f 575/811/716 576/812/717 577/813/718
f 577/813/718 573/814/719 575/811/716
f 577/813/718 571/806/711 578/815/720
f 576/812/717 572/807/712 571/806/711
f 571/806/711 577/813/718 576/812/717
f 579/816/721 519/747/655 517/745/653
f 517/745/653 522/750/658 579/816/721
f 553/817/722 552/818/723 540/819/724
f 540/819/724 580/820/725 553/817/722
f 552/799/704 565/797/702 542/770/675
f 540/768/673 552/799/704 542/770/675
f 540/768/673 542/770/675 541/769/674
f 515/821/726 518/822/727 354/823/728
f 354/823/728 509/737/645 515/821/726
f 561/824/729 560/825/730 581/826/731
f 581/826/731 582/827/732 561/824/729
f 549/828/733 548/829/734 583/830/735
f 583/830/735 584/831/736 549/828/733
f 509/737/645 508/736/644 516/832/737
f 516/832/737 515/821/726 509/737/645
f 508/736/644 585/833/738 521/834/739
f 521/834/739 516/832/737 508/736/644
f 559/835/740 558/836/741 586/837/742
f 586/837/742 587/838/743 559/835/740
f 523/839/744 525/840/745 588/841/746
f 588/841/746 448/620/562 523/839/744
f 589/842/747 580/820/725 540/819/724
f 540/819/724 539/843/748 589/842/747
f 448/620/562 447/619/561 546/844/749
f 546/844/749 523/839/744 448/620/562
f 546/844/749 447/619/561 513/741/649
f 513/741/649 590/845/750 546/844/749
f 584/831/736 535/846/751 534/847/752
f 534/847/752 549/828/733 584/831/736
f 583/830/735 548/829/734 551/848/753
f 551/848/753 591/849/754 583/830/735
f 582/827/732 592/850/755 527/851/756
f 527/851/756 561/824/729 582/827/732
f 592/850/755 588/852/757 525/853/758
f 525/853/758 527/851/756 592/850/755
f 587/838/743 591/849/754 551/848/753
f 551/848/753 559/835/740 587/838/743
f 574/809/714 456/854/759 576/855/760
f 576/855/760 575/810/715 574/809/714
f 576/856/761 456/628/570 455/627/569
f 455/627/569 572/857/762 576/856/761
f 558/836/741 566/858/763 593/859/764
f 593/859/764 586/837/742 558/836/741
f 554/784/689 593/859/764 566/858/763
f 566/858/763 555/785/690 554/784/689
f 518/860/765 520/774/679 355/492/440
f 355/492/440 354/491/439 518/860/765
f 538/766/671 581/826/731 560/825/730
f 560/825/730 537/765/669 538/766/671
f 364/504/452 511/739/647 545/773/678
f 545/773/678 570/861/766 364/504/452
f 539/767/672 541/769/674 594/862/767
f 595/863/768 596/864/769 594/862/767
f 594/862/767 541/769/674 595/863/768
f 597/865/770 359/497/445 344/465/413
f 344/465/413 589/842/747 597/865/770
f 594/866/771 597/865/770 589/842/747
f 589/842/747 539/843/748 594/866/771
f 522/750/658 598/867/772 579/816/721
f 596/864/769 595/863/768 598/867/772
f 598/867/772 599/868/773 596/864/769
f 599/868/773 598/867/772 522/750/658
f 522/750/658 521/749/657 599/868/773
f 598/867/772 595/863/768 579/816/721
f 521/834/739 585/833/738 600/869/774
f 600/869/774 599/870/775 521/834/739
f 599/870/775 600/869/774 601/871/776
f 601/871/776 596/872/777 599/870/775
f 597/865/770 594/866/771 596/872/777
f 596/872/777 601/871/776 597/865/770
f 572/857/762 455/627/569 365/505/453
f 365/505/453 569/873/778 572/857/762
f 569/873/778 365/505/453 364/504/452
f 364/504/452 570/861/766 569/873/778
f 602/874/779 524/752/660 546/775/680
f 546/775/680 590/875/780 602/874/779
f 603/876/781 577/813/718 578/815/720
f 604/877/782 605/878/783 606/879/784
f 604/877/782 606/879/784 607/880/785
f 602/874/779 607/880/785 608/881/786
f 602/874/779 608/881/786 609/882/787
f 602/874/779 609/882/787 579/816/721
f 579/816/721 610/883/788 611/884/789
f 612/885/790 613/886/791 614/887/792
f 614/887/792 615/888/793 612/885/790
f 616/889/794 617/890/795 618/891/796
f 618/891/796 619/892/797 616/889/794
f 620/893/798 621/894/799 622/895/800
f 622/895/800 623/896/801 620/893/798
f 624/897/802 625/898/803 626/899/804
f 626/899/804 627/900/805 624/897/802
f 628/901/806 629/902/807 630/903/808
f 630/903/808 631/904/809 628/901/806
f 632/905/810 633/906/811 634/907/812
f 634/907/812 635/908/813 632/905/810
f 613/886/791 612/885/790 632/905/810
f 632/905/810 635/908/813 613/886/791
f 617/890/795 616/889/794 615/888/793
f 615/888/793 614/887/792 617/890/795
f 621/909/799 620/910/798 619/892/797
f 619/892/797 618/891/796 621/909/799
f 625/898/803 624/897/802 623/896/801
f 623/896/801 622/895/800 625/898/803
f 629/902/807 628/901/806 627/900/805
f 627/900/805 626/899/804 629/902/807
f 634/907/812 633/906/811 631/904/809
f 631/904/809 630/903/808 634/907/812
f 578/911/814 636/912/815 612/885/790
f 612/885/790 615/888/793 578/911/814
f 632/905/810 612/885/790 636/912/815
f 636/912/815 637/913/816 632/905/810
f 605/914/817 603/915/818 616/889/794
f 616/889/794 619/892/797 605/914/817
f 615/888/793 616/889/794 603/915/818
f 603/915/818 578/911/814 615/888/793
f 607/916/819 606/917/820 620/893/798
f 620/893/798 623/896/801 607/916/819
f 619/892/797 620/910/798 606/918/820
f 606/918/820 605/914/817 619/892/797
f 609/919/821 608/920/822 624/897/802
f 624/897/802 627/900/805 609/919/821
f 623/896/801 624/897/802 608/920/822
f 608/920/822 607/916/819 623/896/801
f 611/921/823 610/922/824 628/901/806
f 628/901/806 631/904/809 611/921/823
f 627/900/805 628/901/806 610/922/824
f 610/922/824 609/919/821 627/900/805
f 637/913/816 638/923/825 633/906/811
f 633/906/811 632/905/810 637/913/816
f 631/904/809 633/906/811 638/923/825
f 638/923/825 611/921/823 631/904/809
f 604/877/782 577/813/718 605/878/783
f 573/814/719 577/813/718 604/877/782
f 604/877/782 639/924/826 573/814/719
f 639/924/826 604/877/782 602/874/779
f 602/874/779 590/875/780 639/924/826
f 590/845/750 513/741/649 512/740/648
f 512/740/648 639/925/827 590/845/750
f 514/742/650 573/808/713 639/925/827
f 639/925/827 512/740/648 514/742/650
f 571/806/711 568/803/708 519/747/655
f 519/747/655 579/816/721 571/806/711
f 519/747/655 568/803/708 545/802/707
f 545/802/707 520/748/656 519/747/655
f 542/770/675 565/797/702 640/926/828
f 534/776/681 533/795/700 562/793/698
f 562/793/698 547/777/682 534/776/681
f 542/770/675 640/926/828 543/771/676
f 550/780/685 547/777/682 641/927/829
f 556/786/691 550/780/685 642/928/830
f 642/928/830 643/929/831 556/786/691
f 562/793/698 644/930/832 547/777/682
f 643/929/831 640/926/828 557/787/692
f 557/787/692 556/786/691 643/929/831
f 562/793/698 645/931/833 646/932/834
f 562/793/698 646/932/834 644/930/832
f 647/933/835 648/934/836 649/935/837
f 649/935/837 650/936/838 647/933/835
f 651/937/839 652/938/840 653/939/841
f 653/939/841 654/940/842 651/937/839
f 655/941/843 656/942/844 657/943/845
f 657/943/845 658/944/846 655/941/843
f 659/945/847 660/946/848 661/947/849
f 661/947/849 662/948/850 659/945/847
f 663/949/851 664/950/852 665/951/853
f 665/951/853 666/952/854 663/949/851
f 667/953/855 668/954/856 669/955/857
f 669/955/857 670/956/858 667/953/855
f 671/957/859 672/958/860 673/959/861
f 673/959/861 674/960/862 671/957/859
f 675/961/863 676/962/864 677/963/865
f 677/963/865 678/964/866 675/961/863
f 644/965/867 646/966/868 647/933/835
f 647/933/835 650/936/838 644/965/867
f 659/945/847 647/967/835 646/968/868
f 646/968/868 645/969/869 659/945/847
f 544/970/870 543/971/871 651/937/839
f 651/937/839 654/940/842 544/970/870
f 675/961/863 651/937/839 543/971/871
f 543/971/871 640/972/872 675/961/863
f 532/973/873 528/974/874 655/941/843
f 655/941/843 658/944/846 532/973/873
f 663/949/851 655/941/843 528/974/874
f 528/974/874 531/975/875 663/949/851
f 645/969/869 563/976/876 660/946/848
f 660/946/848 659/945/847 645/969/869
f 658/944/846 660/946/848 563/976/876
f 563/976/876 532/973/873 658/944/846
f 531/975/875 564/977/877 664/950/852
f 664/950/852 663/949/851 531/975/875
f 654/940/842 664/950/852 564/977/877
f 564/977/877 544/970/870 654/940/842
f 642/978/878 641/979/879 667/953/855
f 667/953/855 670/956/858 642/978/878
f 671/957/859 667/953/855 641/979/879
f 641/979/879 679/980/880 671/957/859
f 679/980/880 680/981/881 672/958/860
f 672/958/860 671/957/859 679/980/880
f 650/936/838 672/958/860 680/981/881
f 680/981/881 644/965/867 650/936/838
f 640/972/872 643/982/882 676/962/864
f 676/962/864 675/961/863 640/972/872
f 670/956/858 676/962/864 643/982/882
f 643/982/882 642/978/878 670/956/858
f 648/983/836 647/967/835 659/945/847
f 659/945/847 662/948/850 648/983/836
f 652/938/840 651/937/839 675/961/863
f 675/961/863 678/964/866 652/938/840
f 656/942/844 655/941/843 663/949/851
f 663/949/851 666/952/854 656/942/844
f 661/947/849 660/946/848 658/944/846
f 658/944/846 657/943/845 661/947/849
f 665/951/853 664/950/852 654/940/842
f 654/940/842 653/939/841 665/951/853
f 668/954/856 667/953/855 671/957/859
f 671/957/859 674/960/862 668/954/856
f 673/959/861 672/958/860 650/936/838
f 650/936/838 649/935/837 673/959/861
f 677/963/865 676/962/864 670/956/858
f 670/956/858 669/955/857 677/963/865
f 449/621/563 535/846/751 584/831/736
f 584/831/736 450/622/564 449/621/563
f 582/827/732 334/446/394 349/476/424
f 349/476/424 592/850/755 582/827/732
f 451/623/565 591/849/754 587/838/743
f 587/838/743 452/624/566 451/623/565
f 456/854/759 574/809/714 325/429/377
f 325/429/377 350/480/428 456/854/759
f 453/625/567 593/859/764 554/784/689
f 554/784/689 454/626/568 453/625/567
f 511/739/647 364/504/452 353/489/437
f 353/489/437 295/393/341 511/739/647
f 642/928/830 550/780/685 641/927/829
f 547/777/682 644/930/832 680/984/883
f 640/926/828 565/797/702 557/787/692
f 679/985/884 547/777/682 680/984/883
f 641/927/829 547/777/682 679/985/884
f 562/793/698 563/794/699 645/931/833
f 605/878/783 577/813/718 603/876/781
f 604/877/782 607/880/785 602/874/779
f 636/986/885 571/806/711 637/987/886
f 637/987/886 571/806/711 638/988/887
f 579/816/721 611/884/789 638/988/887
f 595/863/768 681/989/888 579/816/721
f 578/815/720 571/806/711 636/986/885
f 638/988/887 571/806/711 579/816/721
f 579/816/721 609/882/787 610/883/788
f 682/990/889 683/991/890 684/992/891
f 684/992/891 685/993/892 682/990/889
f 682/990/889 685/993/892 686/994/893
f 686/994/893 687/995/894 682/990/889
f 688/996/895 689/997/896 687/995/894
f 687/995/894 686/994/893 688/996/895
f 690/998/897 691/999/898 689/997/896
f 689/997/896 688/996/895 690/998/897
f 691/999/898 690/998/897 692/1000/899
f 692/1000/899 693/1001/900 691/999/898
f 694/1002/901 695/1003/902 693/1001/900
f 693/1001/900 692/1000/899 694/1002/901
f 696/1004/903 697/1005/904 695/1003/902
f 695/1003/902 694/1002/901 696/1004/903
f 698/1006/905 699/1007/906 697/1005/904
f 697/1005/904 696/1004/903 698/1006/905
f 700/1008/907 699/1007/906 698/1006/905
f 698/1006/905 701/1009/908 700/1008/907
f 702/1010/909 703/1011/910 700/1008/907
f 700/1008/907 701/1009/908 702/1010/909
f 704/1012/911 705/1013/912 703/1011/910
f 703/1011/910 702/1010/909 704/1012/911
f 706/1014/913 707/1015/914 705/1013/912
f 705/1013/912 704/1012/911 706/1014/913
f 708/1016/915 707/1015/914 706/1014/913
f 706/1014/913 709/1017/916 708/1016/915
f 710/1018/917 711/1019/918 708/1016/915
f 708/1016/915 709/1017/916 710/1018/917
f 712/1020/919 713/1021/920 711/1022/918
f 711/1022/918 710/1023/917 712/1020/919
f 713/1021/920 712/1020/919 684/992/891
f 684/992/891 683/991/890 713/1021/920
f 449/1024/921 581/826/731 538/766/671
f 449/1024/921 538/766/671 536/764/671
f 535/763/670 449/1024/921 536/764/671
f 714/1025/922 715/1026/923 530/758/666
f 530/758/666 715/1026/923 716/1027/924
f 693/1001/900 695/1003/902 717/1028/925
f 717/1028/925 718/1029/926 693/1001/900
f 713/1021/920 683/991/890 719/1030/927
f 719/1030/927 720/1031/928 713/1021/920
f 683/991/890 682/990/889 714/1032/929
f 714/1032/929 719/1030/927 683/991/890
f 682/990/889 687/995/894 715/1033/930
f 715/1033/930 714/1032/929 682/990/889
f 687/995/894 689/997/896 716/1034/931
f 716/1034/931 715/1033/930 687/995/894
f 689/997/896 691/999/898 721/1035/932
f 721/1035/932 716/1034/931 689/997/896
f 695/1003/902 697/1005/904 722/1036/933
f 722/1036/933 717/1028/925 695/1003/902
f 697/1005/904 699/1007/906 723/1037/934
f 723/1037/934 722/1036/933 697/1005/904
f 699/1007/906 700/1008/907 724/1038/935
f 724/1038/935 723/1037/934 699/1007/906
f 700/1008/907 703/1011/910 725/1039/936
f 725/1039/936 724/1038/935 700/1008/907
f 703/1011/910 705/1013/912 726/1040/937
f 726/1040/937 725/1039/936 703/1011/910
f 705/1013/912 707/1015/914 727/1041/938
f 727/1041/938 726/1040/937 705/1013/912
f 707/1015/914 708/1016/915 728/1042/939
f 728/1042/939 727/1041/938 707/1015/914
f 708/1016/915 711/1019/918 729/1043/940
f 729/1043/940 728/1042/939 708/1016/915
f 711/1022/918 713/1021/920 720/1031/928
f 720/1031/928 729/1044/940 711/1022/918
f 691/999/898 693/1001/900 718/1029/926
f 718/1029/926 721/1035/932 691/999/898
f 714/1025/922 530/758/666 529/757/665
f 567/801/706 681/989/888 541/769/674
f 726/1045/941 524/752/660 725/1046/942
f 524/752/660 724/1047/943 725/1046/942
f 727/1048/944 526/754/662 524/752/660
f 728/1049/945 526/754/662 727/1048/944
f 729/1050/946 526/754/662 728/1049/945
f 720/1051/947 526/754/662 729/1050/946
f 727/1048/944 524/752/660 726/1045/941
f 720/1051/947 529/757/665 526/754/662
f 719/1052/948 529/757/665 720/1051/947
f 714/1025/922 529/757/665 719/1052/948
f 681/989/888 567/801/706 722/1053/949
f 542/770/675 567/801/706 541/769/674
f 721/1054/950 567/801/706 716/1027/924
f 716/1027/924 567/801/706 530/758/666
f 718/1055/951 567/801/706 721/1054/950
f 717/1056/952 567/801/706 718/1055/951
f 722/1053/949 567/801/706 717/1056/952
f 681/989/888 722/1053/949 723/1057/953
f 681/989/888 723/1057/953 724/1047/943
f 681/989/888 724/1047/943 524/752/660
f 579/816/721 681/989/888 602/874/779
f 678/1058/954 677/1059/954 665/1060/954
f 665/1060/954 653/1061/954 678/1058/954
f 677/1059/954 669/1062/954 666/1063/954
f 666/1063/954 665/1060/954 677/1059/954
f 669/1062/954 668/1064/954 656/1065/954
f 656/1065/954 666/1063/954 669/1062/954
f 668/1064/954 674/1066/954 657/1067/954
f 657/1067/954 656/1065/954 668/1064/954
f 674/1066/954 673/1068/954 661/1069/954
f 661/1069/954 657/1067/954 674/1066/954
f 673/1068/954 649/1070/954 662/1071/954
f 662/1071/954 661/1069/954 673/1068/954
f 649/1070/954 648/1072/954 662/1071/954
f 653/1061/954 652/1073/954 678/1058/954
f 709/1074/954 706/1075/954 684/1076/954
f 684/1076/954 712/1077/954 709/1074/954
f 706/1075/954 704/1078/954 685/1079/954
f 685/1079/954 684/1076/954 706/1075/954
f 704/1078/954 702/1080/954 686/1081/954
f 686/1081/954 685/1079/954 704/1078/954
f 702/1080/954 701/1082/954 688/1083/954
f 688/1083/954 686/1081/954 702/1080/954
f 701/1082/954 698/1084/954 690/1085/954
f 690/1085/954 688/1083/954 701/1082/954
f 698/1084/954 696/1086/954 692/1087/954
f 692/1087/954 690/1085/954 698/1084/954
f 712/1077/954 710/1088/955 709/1074/954
f 696/1086/954 694/1089/954 692/1087/954
f 325/429/377 574/809/714 514/742/650
f 514/742/650 326/430/378 325/429/377
f 331/438/386 506/1090/956 580/820/725
f 333/443/391 332/442/390 509/737/645
f 509/737/645 354/823/728 333/443/391
f 334/446/394 582/827/732 581/826/731
f 581/826/731 335/447/395 334/446/394
f 507/735/643 450/622/564 584/831/736
f 584/831/736 583/830/735 507/735/643
f 586/837/742 510/738/646 452/624/566
f 452/624/566 587/838/743 586/837/742
f 342/462/410 448/620/562 588/841/746
f 588/841/746 343/463/411 342/462/410
f 349/476/424 343/478/426 588/852/757
f 588/852/757 592/850/755 349/476/424
f 331/438/386 580/820/725 589/842/747
f 589/842/747 344/465/413 331/438/386
f 451/623/565 507/735/643 583/830/735
f 583/830/735 591/849/754 451/623/565
f 593/859/764 453/625/567 510/738/646
f 510/738/646 586/837/742 593/859/764
f 339/456/404 362/501/449 363/503/451
f 601/871/776 600/869/774 585/833/738
f 601/871/776 585/833/738 508/736/644
f 597/865/770 601/871/776 508/736/644
f 359/497/445 597/865/770 508/736/644
f 363/503/451 359/497/445 508/736/644
f 339/456/404 363/503/451 508/736/644
f 338/454/402 339/456/404 508/736/644
f 283/380/330 282/379/329 335/447/395
f 284/381/331 283/380/330 335/447/395
f 449/1024/921 284/381/331 335/447/395
f 449/1024/921 335/447/395 581/826/731
f 454/626/568 554/784/689 553/783/688
f 553/783/688 506/734/642 454/626/568
f 331/438/386 305/437/385 506/1090/956
f 506/1090/956 553/817/722 580/820/725
f 395/1091/957 398/1092/957 380/1093/957
f 380/1093/957 396/1094/957 395/1091/957
f 396/1094/957 380/1093/957 379/1095/957
f 379/1095/957 391/1096/957 396/1094/957
f 391/1096/957 379/1095/957 384/1097/957
f 384/1097/957 392/1098/957 391/1096/957
f 392/1098/957 384/1097/957 383/1099/957
f 383/1099/957 387/1100/957 392/1098/957
f 387/1100/957 383/1099/957 388/1101/957
f 398/1092/957 395/1091/957 399/1102/957
f 622/1103/958 618/1104/958 617/1105/958
f 617/1105/958 625/1106/958 622/1103/958
f 625/1106/958 617/1105/958 614/1107/958
f 614/1107/958 626/1108/958 625/1106/958
f 626/1108/958 614/1107/958 613/1109/958
f 613/1109/958 629/1110/958 626/1108/958
f 629/1110/958 613/1109/958 635/1111/958
f 635/1111/958 630/1112/958 629/1110/958
f 621/1113/958 618/1104/958 622/1103/958
f 634/1114/958 630/1112/958 635/1111/958
f 541/769/674 681/989/888 595/863/768
f 367/508/456 273/370/320 457/634/576
f 681/989/888 524/752/660 602/874/779
f 730/1115/959 731/1116/960 732/1117/961
f 732/1117/961 733/1118/962 730/1115/959
f 734/1119/963 735/1120/964 736/1121/965
f 736/1121/965 737/1122/966 734/1119/963
f 735/1120/964 738/1123/967 739/1124/968
f 739/1124/968 736/1121/965 735/1120/964
f 738/1123/967 740/1125/969 741/1126/970
f 741/1126/970 739/1124/968 738/1123/967
f 740/1125/969 742/1127/971 743/1128/972
f 743/1128/972 741/1126/970 740/1125/969
f 742/1127/971 744/1129/973 745/1130/974
f 745/1130/974 743/1128/972 742/1127/971
f 744/1129/973 746/1131/975 747/1132/976
f 747/1132/976 745/1130/974 744/1129/973
f 746/1131/975 748/1133/977 749/1134/978
f 749/1134/978 747/1132/976 746/1131/975
f 748/1133/977 750/1135/979 751/1136/980
f 751/1136/980 749/1134/978 748/1133/977
f 750/1135/979 752/1137/981 753/1138/982
f 753/1138/982 751/1136/980 750/1135/979
f 752/1137/981 754/1139/983 755/1140/984
f 755/1140/984 753/1138/982 752/1137/981
f 754/1139/983 756/1141/985 757/1142/986
f 757/1142/986 755/1140/984 754/1139/983
f 756/1141/985 758/1143/987 759/1144/988
f 759/1144/988 757/1142/986 756/1141/985
f 758/1143/987 760/1145/989 761/1146/990
f 761/1146/990 759/1144/988 758/1143/987
f 760/1145/989 762/1147/991 763/1148/992
f 763/1148/992 761/1146/990 760/1145/989
f 762/1147/991 764/1149/993 765/1150/994
f 765/1150/994 763/1148/992 762/1147/991
f 764/1149/993 766/1151/995 767/1152/996
f 767/1152/996 765/1150/994 764/1149/993
f 766/1151/995 768/1153/997 769/1154/998
f 769/1154/998 767/1152/996 766/1151/995
f 768/1153/997 770/1155/999 771/1156/1000
f 771/1156/1000 769/1154/998 768/1153/997
f 770/1155/999 772/1157/1001 773/1158/1002
f 773/1158/1002 771/1156/1000 770/1155/999
f 772/1157/1001 774/1159/1003 775/1160/1004
f 775/1160/1004 773/1158/1002 772/1157/1001
f 774/1159/1003 776/1161/1005 777/1162/1006
f 777/1162/1006 775/1160/1004 774/1159/1003
f 776/1161/1005 778/1163/1007 779/1164/1008
f 779/1164/1008 777/1162/1006 776/1161/1005
f 778/1163/1007 780/1165/1009 781/1166/1010
f 781/1166/1010 779/1164/1008 778/1163/1007
f 780/1165/1009 782/1167/1011 783/1168/1012
f 783/1168/1012 781/1166/1010 780/1165/1009
f 782/1167/1011 784/1169/1013 785/1170/1014
f 785/1170/1014 783/1168/1012 782/1167/1011
f 784/1169/1013 786/1171/1015 787/1172/1016
f 787/1172/1016 785/1170/1014 784/1169/1013
f 786/1171/1015 788/1173/1017 789/1174/1018
f 789/1174/1018 787/1172/1016 786/1171/1015
f 788/1173/1017 790/1175/1019 791/1176/1020
f 791/1176/1020 789/1174/1018 788/1173/1017
f 790/1175/1019 792/1177/1021 793/1178/1022
f 793/1178/1022 791/1176/1020 790/1175/1019
f 792/1177/1021 794/1179/1023 795/1180/1024
f 795/1180/1024 793/1178/1022 792/1177/1021
f 794/1179/1023 796/1181/1025 797/1182/1026
f 797/1182/1026 795/1180/1024 794/1179/1023
f 796/1181/1025 798/1183/1027 799/1184/1028
f 799/1184/1028 797/1182/1026 796/1181/1025
f 798/1183/1027 800/1185/1029 801/1186/1030
f 801/1186/1030 799/1184/1028 798/1183/1027
f 800/1185/1029 802/1187/1031 803/1188/1032
f 803/1188/1032 801/1186/1030 800/1185/1029
f 802/1187/1031 804/1189/1033 805/1190/1034
f 805/1190/1034 803/1188/1032 802/1187/1031
f 804/1189/1033 806/1191/1035 807/1192/1036
f 807/1192/1036 805/1190/1034 804/1189/1033
f 806/1191/1035 808/1193/1037 809/1194/1038
f 809/1194/1038 807/1192/1036 806/1191/1035
f 808/1193/1037 732/1117/961 731/1116/960
f 731/1116/960 809/1194/1038 808/1193/1037
f 810/1195/1039 811/1196/1040 812/1197/1041
f 812/1197/1041 813/1198/1042 810/1195/1039
f 813/1198/1042 812/1197/1041 814/1199/1043
f 814/1199/1043 815/1200/1044 813/1198/1042
f 815/1200/1044 814/1199/1043 816/1201/1045
f 816/1201/1045 817/1202/1046 815/1200/1044
f 817/1202/1046 816/1201/1045 818/1203/1047
f 818/1203/1047 819/1204/1048 817/1202/1046
f 819/1204/1048 818/1203/1047 820/1205/1049
f 820/1205/1049 821/1206/1050 819/1204/1048
f 821/1206/1050 820/1205/1049 822/1207/1051
f 822/1207/1051 823/1208/1052 821/1206/1050
f 823/1208/1052 822/1207/1051 824/1209/1053
f 824/1209/1053 825/1210/1054 823/1208/1052
f 825/1210/1054 824/1209/1053 826/1211/1055
f 826/1211/1055 827/1212/1056 825/1210/1054
f 827/1212/1056 826/1211/1055 828/1213/1057
f 828/1213/1057 829/1214/1058 827/1212/1056
f 829/1214/1058 828/1213/1057 830/1215/1059
f 830/1215/1059 831/1216/1060 829/1214/1058
f 831/1216/1060 830/1215/1059 832/1217/1061
f 832/1217/1061 833/1218/1062 831/1216/1060
f 833/1218/1062 832/1217/1061 834/1219/1063
f 834/1219/1063 835/1220/1064 833/1218/1062
f 835/1220/1064 834/1219/1063 836/1221/1065
f 836/1221/1065 837/1222/1066 835/1220/1064
f 837/1222/1066 836/1221/1065 838/1223/1067
f 838/1223/1067 839/1224/1068 837/1222/1066
f 839/1224/1068 838/1223/1067 840/1225/1069
f 840/1225/1069 841/1226/1070 839/1224/1068
f 841/1226/1070 840/1225/1069 842/1227/1071
f 842/1227/1071 843/1228/1072 841/1226/1070
f 843/1228/1072 842/1227/1071 844/1229/1073
f 844/1229/1073 845/1230/1074 843/1228/1072
f 813/1198/1042 846/1231/1075 810/1195/1039
f 846/1231/1075 847/1232/1076 848/1233/1077
f 848/1233/1077 810/1195/1039 846/1231/1075
f 815/1200/1044 849/1234/1078 846/1231/1075
f 846/1231/1075 813/1198/1042 815/1200/1044
f 849/1234/1078 850/1235/1079 847/1232/1076
f 847/1232/1076 846/1231/1075 849/1234/1078
f 817/1202/1046 851/1236/1080 849/1234/1078
f 849/1234/1078 815/1200/1044 817/1202/1046
f 851/1236/1080 852/1237/1081 850/1235/1079
f 850/1235/1079 849/1234/1078 851/1236/1080
f 819/1204/1048 853/1238/1082 851/1236/1080
f 851/1236/1080 817/1202/1046 819/1204/1048
f 853/1238/1082 854/1239/1083 852/1237/1081
f 852/1237/1081 851/1236/1080 853/1238/1082
f 821/1206/1050 855/1240/1084 853/1238/1082
f 853/1238/1082 819/1204/1048 821/1206/1050
f 855/1240/1084 856/1241/1085 854/1239/1083
f 854/1239/1083 853/1238/1082 855/1240/1084
f 823/1208/1052 857/1242/1086 855/1240/1084
f 855/1240/1084 821/1206/1050 823/1208/1052
f 857/1242/1086 858/1243/1087 856/1241/1085
f 856/1241/1085 855/1240/1084 857/1242/1086
f 825/1210/1054 859/1244/1088 857/1242/1086
f 857/1242/1086 823/1208/1052 825/1210/1054
f 859/1244/1088 860/1245/1089 858/1243/1087
f 858/1243/1087 857/1242/1086 859/1244/1088
f 827/1212/1056 861/1246/1090 859/1244/1088
f 859/1244/1088 825/1210/1054 827/1212/1056
f 861/1246/1090 862/1247/1091 860/1245/1089
f 860/1245/1089 859/1244/1088 861/1246/1090
f 829/1214/1058 863/1248/1092 861/1246/1090
f 861/1246/1090 827/1212/1056 829/1214/1058
f 863/1248/1092 864/1249/1093 862/1247/1091
f 862/1247/1091 861/1246/1090 863/1248/1092
f 831/1216/1060 865/1250/1094 863/1248/1092
f 863/1248/1092 829/1214/1058 831/1216/1060
f 865/1250/1094 866/1251/1095 864/1249/1093
f 864/1249/1093 863/1248/1092 865/1250/1094
f 833/1218/1062 867/1252/1096 865/1250/1094
f 865/1250/1094 831/1216/1060 833/1218/1062
f 867/1252/1096 868/1253/1097 866/1251/1095
f 866/1251/1095 865/1250/1094 867/1252/1096
f 835/1220/1064 869/1254/1098 867/1252/1096
f 867/1252/1096 833/1218/1062 835/1220/1064
f 869/1254/1098 870/1255/1099 868/1253/1097
f 868/1253/1097 867/1252/1096 869/1254/1098
f 837/1222/1066 871/1256/1100 869/1254/1098
f 869/1254/1098 835/1220/1064 837/1222/1066
f 871/1256/1100 872/1257/1101 870/1255/1099
f 870/1255/1099 869/1254/1098 871/1256/1100
f 839/1224/1068 873/1258/1102 871/1256/1100
f 871/1256/1100 837/1222/1066 839/1224/1068
f 873/1258/1102 874/1259/1103 872/1257/1101
f 872/1257/1101 871/1256/1100 873/1258/1102
f 841/1226/1070 875/1260/1104 873/1258/1102
f 873/1258/1102 839/1224/1068 841/1226/1070
f 875/1260/1104 876/1261/1105 874/1259/1103
f 874/1259/1103 873/1258/1102 875/1260/1104
f 843/1228/1072 877/1262/1106 875/1260/1104
f 875/1260/1104 841/1226/1070 843/1228/1072
f 877/1262/1106 878/1263/1107 876/1261/1105
f 876/1261/1105 875/1260/1104 877/1262/1106
f 845/1230/1074 877/1262/1106 843/1228/1072
f 845/1230/1074 879/1264/1108 878/1263/1107
f 878/1263/1107 877/1262/1106 845/1230/1074
f 733/1265/1109 732/1266/1110 880/1267/1111
f 732/1266/1110 808/1268/1112 881/1269/1113
f 881/1269/1113 880/1267/1111 732/1266/1110
f 808/1268/1112 806/1270/1114 881/1269/1113
f 806/1270/1114 804/1271/1115 882/1272/1116
f 882/1272/1116 881/1269/1113 806/1270/1114
f 804/1271/1115 802/1273/1117 882/1272/1116
f 802/1273/1117 800/1274/1118 883/1275/1119
f 883/1275/1119 882/1272/1116 802/1273/1117
f 800/1274/1118 798/1276/1120 883/1275/1119
f 798/1276/1120 796/1277/1121 884/1278/1122
f 884/1278/1122 883/1275/1119 798/1276/1120
f 796/1277/1121 794/1279/1123 884/1278/1122
f 794/1279/1123 792/1280/1124 885/1281/1125
f 885/1281/1125 884/1278/1122 794/1279/1123
f 792/1280/1124 790/1282/1126 885/1281/1125
f 790/1282/1126 788/1283/1127 886/1284/1128
f 886/1284/1128 885/1281/1125 790/1282/1126
f 788/1283/1127 786/1285/1129 886/1284/1128
f 786/1285/1129 784/1286/1130 887/1287/1131
f 887/1287/1131 886/1284/1128 786/1285/1129
f 784/1286/1130 782/1288/1132 887/1287/1131
f 782/1288/1132 780/1289/1133 888/1290/1134
f 888/1290/1134 887/1287/1131 782/1288/1132
f 780/1289/1133 778/1291/1135 888/1290/1134
f 778/1291/1135 776/1292/1136 889/1293/1137
f 889/1293/1137 888/1290/1134 778/1291/1135
f 776/1292/1136 774/1294/1138 889/1293/1137
f 774/1294/1138 772/1295/1139 890/1296/1140
f 890/1296/1140 889/1293/1137 774/1294/1138
f 772/1295/1139 770/1297/1141 890/1296/1140
f 770/1297/1141 768/1298/1142 891/1299/1143
f 891/1299/1143 890/1296/1140 770/1297/1141
f 768/1298/1142 766/1300/1144 891/1299/1143
f 766/1300/1144 764/1301/1145 892/1302/1146
f 892/1302/1146 891/1299/1143 766/1300/1144
f 764/1301/1145 762/1303/1147 892/1302/1146
f 762/1303/1147 760/1304/1148 893/1305/1149
f 893/1305/1149 892/1302/1146 762/1303/1147
f 760/1304/1148 758/1306/1150 893/1305/1149
f 758/1306/1150 756/1307/1151 894/1308/1152
f 894/1308/1152 893/1305/1149 758/1306/1150
f 756/1307/1151 754/1309/1153 894/1308/1152
f 754/1309/1153 752/1310/1154 895/1311/1155
f 895/1311/1155 894/1308/1152 754/1309/1153
f 752/1310/1154 750/1312/1156 895/1311/1155
f 750/1313/1156 748/1314/1157 896/1315/1158
f 896/1315/1158 895/1316/1155 750/1313/1156
f 748/1314/1157 746/1317/1159 896/1315/1158
f 746/1317/1159 744/1318/1160 897/1319/1161
f 897/1319/1161 896/1315/1158 746/1317/1159
f 744/1318/1160 742/1320/1162 897/1319/1161
f 742/1320/1162 740/1321/1163 898/1322/1164
f 898/1322/1164 897/1319/1161 742/1320/1162
f 740/1321/1163 738/1323/1165 898/1322/1164
f 738/1323/1165 735/1324/1166 899/1325/1167
f 899/1325/1167 898/1322/1164 738/1323/1165
f 735/1324/1166 734/1326/1168 899/1325/1167
f 848/1233/1077 847/1232/1076 900/1327/1169
f 900/1327/1169 901/1328/1170 848/1233/1077
f 847/1232/1076 850/1235/1079 902/1329/1171
f 902/1329/1171 900/1327/1169 847/1232/1076
f 850/1235/1079 852/1237/1081 903/1330/1172
f 903/1330/1172 902/1329/1171 850/1235/1079
f 852/1237/1081 854/1239/1083 904/1331/1173
f 904/1331/1173 903/1330/1172 852/1237/1081
f 854/1239/1083 856/1241/1085 905/1332/1174
f 905/1332/1174 904/1331/1173 854/1239/1083
f 856/1241/1085 858/1243/1087 906/1333/1175
f 906/1333/1175 905/1332/1174 856/1241/1085
f 858/1243/1087 860/1245/1089 907/1334/1176
f 907/1334/1176 906/1333/1175 858/1243/1087
f 860/1245/1089 862/1247/1091 908/1335/1177
f 908/1335/1177 907/1334/1176 860/1245/1089
f 862/1247/1091 864/1249/1093 909/1336/1178
f 909/1336/1178 908/1335/1177 862/1247/1091
f 864/1249/1093 866/1251/1095 910/1337/1179
f 910/1337/1179 909/1336/1178 864/1249/1093
f 866/1251/1095 868/1253/1097 911/1338/1180
f 911/1338/1180 910/1337/1179 866/1251/1095
f 868/1253/1097 870/1255/1099 912/1339/1181
f 912/1339/1181 911/1338/1180 868/1253/1097
f 870/1255/1099 872/1257/1101 913/1340/1182
f 913/1340/1182 912/1339/1181 870/1255/1099
f 872/1257/1101 874/1259/1103 914/1341/1183
f 914/1341/1183 913/1340/1182 872/1257/1101
f 874/1259/1103 876/1261/1105 915/1342/1184
f 915/1342/1184 914/1341/1183 874/1259/1103
f 876/1261/1105 878/1263/1107 916/1343/1185
f 916/1343/1185 915/1342/1184 876/1261/1105
f 878/1263/1107 879/1264/1108 917/1344/1186
f 917/1344/1186 916/1343/1185 878/1263/1107
f 737/1122/966 730/1115/959 733/1118/962
f 733/1118/962 734/1119/963 737/1122/966
f 734/1326/1168 733/1265/1109 880/1267/1111
f 880/1267/1111 899/1325/1167 734/1326/1168
f 894/1345/1187 896/1346/1187 897/1347/1187
f 897/1347/1187 893/1348/1187 894/1345/1187
f 893/1348/1187 897/1347/1187 898/1349/1187
f 898/1349/1187 892/1350/1187 893/1348/1187
f 892/1350/1187 898/1349/1187 899/1351/1187
f 899/1351/1187 891/1352/1187 892/1350/1187
f 891/1352/1187 899/1351/1187 880/1353/1187
f 880/1353/1187 890/1354/1187 891/1352/1187
f 890/1354/1187 880/1353/1187 881/1355/1187
f 881/1355/1187 889/1356/1187 890/1354/1187
f 889/1356/1187 881/1355/1187 882/1357/1187
f 882/1357/1187 888/1358/1187 889/1356/1187
f 888/1358/1187 882/1357/1187 883/1359/1187
f 883/1359/1187 887/1360/1187 888/1358/1187
f 887/1360/1187 883/1359/1187 884/1361/1187
f 884/1361/1187 886/1362/1187 887/1360/1187
f 885/1363/1187 886/1362/1187 884/1361/1187
f 895/1364/1187 896/1346/1187 894/1345/1187
f 917/1365/1188 901/1366/1188 900/1367/1189
f 900/1367/1189 916/1368/1189 917/1365/1188
f 916/1368/1189 900/1367/1189 902/1369/1190
f 902/1369/1190 915/1370/1190 916/1368/1189
f 915/1370/1190 902/1369/1190 903/1371/1190
f 903/1371/1190 914/1372/1190 915/1370/1190
f 914/1372/1190 903/1371/1190 904/1373/1191
f 904/1373/1191 913/1374/1191 914/1372/1190
f 913/1374/1191 904/1373/1191 905/1375/1192
f 905/1375/1192 912/1376/1192 913/1374/1191
f 912/1376/1192 905/1375/1192 906/1377/1193
f 906/1377/1193 911/1378/1193 912/1376/1192
f 911/1378/1193 906/1377/1193 907/1379/1194
f 907/1379/1194 910/1380/1194 911/1378/1193
f 910/1380/1194 907/1379/1194 908/1381/1195
f 908/1381/1195 909/1382/1195 910/1380/1194
f 918/1383/1196 730/1384/1197 737/1385/1198
f 737/1385/1198 919/1386/1199 918/1383/1196
f 920/1387/1200 731/1388/1201 730/1384/1197
f 730/1384/1197 918/1383/1196 920/1387/1200
f 919/1386/1199 737/1385/1198 736/1389/1202
f 736/1389/1202 921/1390/1203 919/1386/1199
f 921/1390/1203 736/1389/1202 739/1391/1204
f 739/1391/1204 922/1392/1205 921/1390/1203
f 922/1392/1205 739/1391/1204 741/1393/1206
f 741/1393/1206 923/1394/1207 922/1392/1205
f 923/1394/1207 741/1393/1206 743/1395/1208
f 743/1395/1208 924/1396/1209 923/1394/1207
f 924/1396/1209 743/1395/1208 745/1397/1210
f 745/1397/1210 925/1398/1211 924/1396/1209
f 925/1398/1211 745/1397/1210 747/1399/1212
f 747/1399/1212 926/1400/1213 925/1398/1211
f 747/1399/1212 749/1401/1214 927/1402/1215
f 927/1402/1215 926/1400/1213 747/1399/1212
f 749/1401/1214 751/1403/1216 928/1404/1217
f 928/1404/1217 927/1402/1215 749/1401/1214
f 751/1403/1216 753/1405/1218 929/1406/1219
f 929/1406/1219 928/1404/1217 751/1403/1216
f 753/1405/1218 755/1407/1220 930/1408/1221
f 930/1408/1221 929/1406/1219 753/1405/1218
f 755/1407/1220 757/1409/1222 931/1410/1223
f 931/1410/1223 930/1408/1221 755/1407/1220
f 757/1409/1222 759/1411/1224 932/1412/1225
f 932/1412/1225 931/1410/1223 757/1409/1222
f 759/1411/1224 761/1413/1226 933/1414/1227
f 933/1414/1227 932/1412/1225 759/1411/1224
f 761/1413/1226 763/1415/1228 934/1416/1229
f 934/1416/1229 933/1414/1227 761/1413/1226
f 763/1415/1228 765/1417/1230 935/1418/1231
f 935/1418/1231 934/1416/1229 763/1415/1228
f 765/1417/1230 767/1419/1232 936/1420/1233
f 936/1420/1233 935/1418/1231 765/1417/1230
f 767/1419/1232 769/1421/1234 937/1422/1235
f 937/1422/1235 936/1420/1233 767/1419/1232
f 769/1421/1234 771/1423/1236 938/1424/1237
f 938/1424/1237 937/1422/1235 769/1421/1234
f 771/1423/1236 773/1425/1238 939/1426/1239
f 939/1426/1239 938/1424/1237 771/1423/1236
f 773/1425/1238 775/1427/1240 940/1428/1241
f 940/1428/1241 939/1426/1239 773/1425/1238
f 775/1427/1240 777/1429/1242 941/1430/1243
f 941/1430/1243 940/1428/1241 775/1427/1240
f 777/1429/1242 779/1431/1244 942/1432/1245
f 942/1432/1245 941/1430/1243 777/1429/1242
f 779/1431/1244 781/1433/1246 943/1434/1247
f 943/1434/1247 942/1432/1245 779/1431/1244
f 781/1433/1246 783/1435/1248 944/1436/1249
f 944/1436/1249 943/1434/1247 781/1433/1246
f 783/1435/1248 785/1437/1250 945/1438/1251
f 945/1438/1251 944/1436/1249 783/1435/1248
f 785/1437/1250 787/1439/1252 946/1440/1253
f 946/1440/1253 945/1438/1251 785/1437/1250
f 787/1439/1252 789/1441/1254 947/1442/1255
f 947/1442/1255 946/1440/1253 787/1439/1252
f 789/1441/1254 791/1443/1256 948/1444/1257
f 948/1444/1257 947/1442/1255 789/1441/1254
f 791/1443/1256 793/1445/1258 949/1446/1259
f 949/1446/1259 948/1444/1257 791/1443/1256
f 793/1447/1258 795/1448/1260 950/1449/1261
f 950/1449/1261 949/1450/1259 793/1447/1258
f 795/1448/1260 797/1451/1262 951/1452/1263
f 951/1452/1263 950/1449/1261 795/1448/1260
f 951/1452/1263 797/1451/1262 799/1453/1264
f 799/1453/1264 952/1454/1265 951/1452/1263
f 952/1454/1265 799/1453/1264 801/1455/1266
f 801/1455/1266 953/1456/1267 952/1454/1265
f 953/1456/1267 801/1455/1266 803/1457/1268
f 803/1457/1268 954/1458/1269 953/1456/1267
f 954/1458/1269 803/1457/1268 805/1459/1270
f 805/1459/1270 955/1460/1271 954/1458/1269
f 955/1460/1271 805/1459/1270 807/1461/1272
f 807/1461/1272 956/1462/1273 955/1460/1271
f 956/1462/1273 807/1461/1272 809/1463/1274
f 809/1463/1274 957/1464/1275 956/1462/1273
f 957/1464/1275 809/1463/1274 731/1388/1201
f 731/1388/1201 920/1387/1200 957/1464/1275
f 958/1465/1276 959/1466/1277 960/1467/1278
f 960/1467/1278 961/1468/1279 958/1465/1276
f 962/1469/954 963/1470/954 964/1471/954
f 964/1471/954 965/1472/954 962/1469/954
f 966/1473/1280 960/1467/1278 967/1474/1281
f 967/1474/1281 968/1475/1282 966/1473/1280
f 961/1468/1279 960/1467/1278 966/1473/1280
f 966/1473/1280 969/1476/1283 961/1468/1279
f 966/1473/1280 970/1477/1284 971/1478/1285
f 971/1478/1285 969/1476/1283 966/1473/1280
f 965/1479/1286 972/1480/1287 973/1481/1288
f 973/1481/1288 962/1482/1289 965/1479/1286
f 974/1483/1290 975/1484/1291 976/1485/1292
f 976/1485/1292 977/1486/1293 974/1483/1290
f 978/1487/1294 979/1488/1295 980/1489/1296
f 980/1489/1296 981/1490/1297 978/1487/1294
f 982/1491/1298 983/1492/1299 984/1493/1300
f 984/1493/1300 985/1494/1301 982/1491/1298
f 986/1495/1302 983/1492/1299 987/1496/1303
f 987/1496/1303 988/1497/1304 986/1495/1302
f 989/1498/641 984/1499/641 983/1500/641
f 983/1500/641 986/1501/641 989/1498/641
f 990/1502/1305 961/1468/1279 969/1476/1283
f 969/1476/1283 971/1478/1285 990/1502/1305
f 970/1503/1306 991/1504/1306 992/1505/1307
f 992/1505/1307 971/1506/1307 970/1503/1306
f 990/1507/1308 971/1506/1307 992/1505/1307
f 992/1505/1307 993/1508/1308 990/1507/1308
f 994/1509/1309 995/1510/1309 991/1504/1306
f 991/1504/1306 970/1503/1306 994/1509/1309
f 996/1511/1310 997/1512/1311 998/1513/1312
f 998/1513/1312 999/1514/1313 996/1511/1310
f 1000/1515/641 1001/1516/641 1002/1517/641
f 1002/1517/641 1003/1518/641 1000/1515/641
f 1004/1519/1314 1005/1520/1315 1006/1521/1316
f 1006/1521/1316 1007/1522/1314 1004/1519/1314
f 1005/1520/1315 1008/1523/1317 1009/1524/1317
f 1009/1524/1317 1006/1521/1316 1005/1520/1315
f 1009/1524/1317 1008/1523/1317 1010/1525/1318
f 1010/1525/1318 1011/1526/1318 1009/1524/1317
f 1010/1525/1318 1012/1527/1319 1013/1528/1319
f 1013/1528/1319 1011/1526/1318 1010/1525/1318
f 1013/1528/1319 1012/1527/1319 1014/1529/1320
f 1014/1529/1320 1015/1530/1320 1013/1528/1319
f 1014/1529/1320 1016/1531/1321 1017/1532/1321
f 1017/1532/1321 1015/1530/1320 1014/1529/1320
f 1017/1533/1321 1016/1534/1321 1018/1535/1322
f 1018/1535/1322 1019/1536/1322 1017/1533/1321
f 1018/1535/1322 1020/1537/1323 1021/1538/1323
f 1021/1538/1323 1019/1536/1322 1018/1535/1322
f 1021/1538/1323 1020/1537/1323 1022/1539/1324
f 1022/1539/1324 1023/1540/1324 1021/1538/1323
f 1022/1539/1324 1024/1541/1325 1025/1542/1326
f 1025/1542/1326 1023/1540/1324 1022/1539/1324
f 1024/1541/1325 1026/1543/1327 1027/1544/1327
f 1027/1544/1327 1025/1542/1326 1024/1541/1325
f 1026/1543/1327 1004/1519/1314 1007/1522/1314
f 1007/1522/1314 1027/1544/1327 1026/1543/1327
f 1007/1545/641 1006/1546/641 1025/1547/641
f 1025/1547/641 1027/1548/641 1007/1545/641
f 1025/1547/641 1006/1546/641 1009/1549/641
f 1009/1549/641 1023/1550/641 1025/1547/641
f 1017/1551/641 1019/1552/641 1013/1553/641
f 1013/1553/641 1015/1554/641 1017/1551/641
f 1013/1553/641 1019/1552/641 1021/1555/641
f 1021/1555/641 1011/1556/641 1013/1553/641
f 1009/1549/641 1011/1556/641 1021/1555/641
f 1021/1555/641 1023/1550/641 1009/1549/641
f 1028/1557/1328 1029/1558/1329 1030/1559/1330
f 1030/1559/1330 998/1513/1312 1028/1557/1328
f 997/1512/1311 1031/1560/1331 1028/1557/1328
f 1028/1557/1328 998/1513/1312 997/1512/1311
f 1028/1557/1328 1031/1560/1331 992/1561/1332
f 992/1561/1332 991/1562/1333 1028/1557/1328
f 1001/1563/1302 1000/1564/1334 1032/1565/1303
f 1032/1565/1303 1033/1566/1335 1001/1563/1302
f 1034/1567/1291 1035/1568/1292 1036/1569/1293
f 1036/1569/1293 1037/1570/1290 1034/1567/1291
f 1038/1571/1297 1039/1572/1336 1040/1573/1295
f 1040/1573/1295 1041/1574/1296 1038/1571/1297
f 1042/1575/1337 1043/1576/1338 1044/1577/1339
f 1044/1577/1340 1045/1578/1341 1042/1575/1337
f 1046/1579/1286 1047/1580/1287 1048/1581/1288
f 1048/1581/1288 1045/1578/1341 1046/1579/1286
f 1045/1582/954 1044/1583/954 1049/1584/954
f 1049/1584/954 1046/1585/954 1045/1582/954
f 993/1586/1342 992/1561/1332 1031/1560/1331
f 1031/1560/1331 997/1512/1311 993/1586/1342
f 1010/1587/1343 1050/1588/1344 1012/1589/1345
f 1051/1590/1346 1052/1591/1347 1053/1592/1347
f 1053/1592/1347 1054/1593/1346 1051/1590/1346
f 1055/1594/1348 1056/1595/1348 1057/1596/1349
f 1057/1596/1349 1058/1597/1349 1055/1594/1348
f 1052/1591/1347 1058/1597/1349 1057/1596/1349
f 1057/1596/1349 1053/1592/1347 1052/1591/1347
f 980/1489/1296 973/1481/1288 972/1480/1287
f 972/1480/1287 981/1490/1297 980/1489/1296
f 1059/1598/1350 1060/1599/1351 1061/1600/1352
f 1061/1600/1352 1062/1601/1353 1059/1598/1350
f 987/1496/1303 979/1488/1295 978/1487/1294
f 978/1487/1294 988/1497/1304 987/1496/1303
f 1037/1570/1290 1063/1602/1298 1064/1603/1354
f 1064/1603/1354 1034/1567/1291 1037/1570/1290
f 1039/1572/1336 1033/1566/1335 1032/1565/1303
f 1032/1565/1303 1040/1573/1295 1039/1572/1336
f 1036/1569/1293 1035/1568/1292 1043/1576/1338
f 1043/1576/1338 1042/1575/1337 1036/1569/1293
f 1047/1580/1287 1038/1571/1297 1041/1574/1296
f 1041/1574/1296 1048/1581/1288 1047/1580/1287
f 1065/1604/1350 1066/1605/1351 1067/1606/1355
f 1067/1606/1355 1068/1607/1353 1065/1604/1350
f 962/1482/1289 973/1481/1288 1069/1608/1337
f 979/1488/1295 974/1483/1290 977/1486/1293
f 977/1486/1293 980/1489/1296 979/1488/1295
f 1070/1609/1356 978/1487/1294 981/1490/1297
f 981/1490/1297 1059/1598/1350 1070/1609/1356
f 965/1479/1286 1060/1599/1351 972/1480/1287
f 983/1492/1299 982/1491/1298 987/1496/1303
f 988/1497/1304 1071/1610/1357 986/1495/1302
f 1063/1602/1298 1032/1565/1303 1000/1564/1334
f 1033/1566/1335 1072/1611/1357 1001/1563/1302
f 1040/1573/1295 1037/1570/1290 1036/1569/1293
f 1036/1569/1293 1041/1574/1296 1040/1573/1295
f 1073/1612/1358 1039/1572/1336 1038/1571/1297
f 1038/1571/1297 1065/1604/1350 1073/1612/1358
f 1046/1579/1286 1066/1605/1351 1047/1580/1287
f 1048/1581/1288 1042/1575/1337 1045/1578/1341
f 980/1489/1296 977/1486/1293 1069/1608/1337
f 1069/1608/1337 973/1481/1288 980/1489/1296
f 1059/1598/1350 981/1490/1297 972/1480/1287
f 972/1480/1287 1060/1599/1351 1059/1598/1350
f 987/1496/1303 982/1491/1298 974/1483/1290
f 974/1483/1290 979/1488/1295 987/1496/1303
f 1071/1610/1357 988/1497/1304 978/1487/1294
f 978/1487/1294 1070/1609/1356 1071/1610/1357
f 1037/1570/1290 1040/1573/1295 1032/1565/1303
f 1032/1565/1303 1063/1602/1298 1037/1570/1290
f 1039/1572/1336 1073/1612/1358 1072/1611/1357
f 1072/1611/1357 1033/1566/1335 1039/1572/1336
f 1042/1575/1337 1048/1581/1288 1041/1574/1296
f 1041/1574/1296 1036/1569/1293 1042/1575/1337
f 1047/1580/1287 1066/1605/1351 1065/1604/1350
f 1065/1604/1350 1038/1571/1297 1047/1580/1287
f 1057/1613/1359 1074/1614/1360 1075/1615/1361
f 1075/1615/1361 1053/1616/1362 1057/1613/1359
f 1053/1616/1362 1075/1615/1361 1076/1617/1363
f 1076/1617/1363 1054/1618/1364 1053/1616/1362
f 1054/1618/1364 1076/1617/1363 1077/1619/1365
f 1077/1619/1365 1078/1620/1366 1054/1618/1364
f 1075/1615/1361 1005/1621/1367 1004/1622/1368
f 1075/1615/1361 1004/1622/1368 1026/1623/1369
f 1075/1615/1361 1074/1614/1360 1005/1621/1367
f 1075/1615/1361 1026/1623/1369 1024/1624/1370
f 1076/1617/1363 1075/1615/1361 1024/1624/1370
f 1076/1617/1363 1024/1624/1370 1022/1625/1371
f 1076/1617/1363 1022/1625/1371 1020/1626/1372
f 1010/1587/1343 1074/1614/1360 1050/1588/1344
f 1074/1614/1360 1010/1587/1343 1008/1627/1373
f 1074/1614/1360 1008/1627/1373 1005/1621/1367
f 1079/1628/1314 1080/1629/1314 1081/1630/1315
f 1081/1630/1315 1082/1631/1315 1079/1628/1314
f 1082/1631/1315 1081/1630/1315 1083/1632/1317
f 1083/1632/1317 1084/1633/1317 1082/1631/1315
f 1083/1632/1317 1085/1634/1318 1086/1635/1318
f 1086/1635/1318 1084/1633/1317 1083/1632/1317
f 1086/1635/1318 1085/1634/1318 1087/1636/1319
f 1087/1636/1319 1088/1637/1319 1086/1635/1318
f 1087/1636/1319 1089/1638/1320 1090/1639/1320
f 1090/1639/1320 1088/1637/1319 1087/1636/1319
f 1090/1639/1320 1089/1638/1320 1091/1640/1321
f 1091/1640/1321 1092/1641/1321 1090/1639/1320
f 1091/1642/1321 1093/1643/1322 1094/1644/1322
f 1094/1644/1322 1092/1645/1321 1091/1642/1321
f 1094/1644/1322 1093/1643/1322 1095/1646/1323
f 1095/1646/1323 1096/1647/1323 1094/1644/1322
f 1095/1646/1323 1097/1648/1324 1098/1649/1324
f 1098/1649/1324 1096/1647/1323 1095/1646/1323
f 1098/1649/1324 1097/1648/1324 1099/1650/1325
f 1099/1650/1325 1100/1651/1325 1098/1649/1324
f 1100/1651/1325 1099/1650/1325 1101/1652/1327
f 1101/1652/1327 1102/1653/1327 1100/1651/1325
f 1102/1653/1327 1101/1652/1327 1080/1629/1314
f 1080/1629/1314 1079/1628/1314 1102/1653/1327
f 1080/1654/954 1101/1655/954 1099/1656/954
f 1099/1656/954 1081/1657/954 1080/1654/954
f 1099/1656/954 1097/1658/954 1083/1659/954
f 1083/1659/954 1081/1657/954 1099/1656/954
f 1091/1660/954 1089/1661/954 1087/1662/954
f 1087/1662/954 1093/1663/954 1091/1660/954
f 1087/1662/954 1085/1664/954 1095/1665/954
f 1095/1665/954 1093/1663/954 1087/1662/954
f 1083/1659/954 1097/1658/954 1095/1665/954
f 1095/1665/954 1085/1664/954 1083/1659/954
f 1086/1666/1374 1088/1667/1375 1103/1668/1376
f 1058/1669/1377 1052/1670/1378 1104/1671/1379
f 1104/1671/1379 1105/1672/1380 1058/1669/1377
f 1052/1670/1378 1051/1673/1381 1106/1674/1382
f 1106/1674/1382 1104/1671/1379 1052/1670/1378
f 1051/1673/1381 1107/1675/1383 1108/1676/1384
f 1108/1676/1384 1106/1674/1382 1051/1673/1381
f 1104/1671/1379 1079/1677/1385 1082/1678/1386
f 1104/1671/1379 1102/1679/1387 1079/1677/1385
f 1104/1671/1379 1082/1678/1386 1105/1672/1380
f 1104/1671/1379 1100/1680/1388 1102/1679/1387
f 1106/1674/1382 1100/1680/1388 1104/1671/1379
f 1106/1674/1382 1098/1681/1389 1100/1680/1388
f 1106/1674/1382 1096/1682/1390 1098/1681/1389
f 1086/1666/1374 1103/1668/1376 1105/1672/1380
f 1105/1672/1380 1084/1683/1391 1086/1666/1374
f 1105/1672/1380 1082/1678/1386 1084/1683/1391
f 961/1468/1279 990/1502/1305 1109/1684/1392
f 1109/1684/1392 958/1465/1276 961/1468/1279
f 993/1586/1342 997/1512/1311 996/1511/1310
f 996/1511/1310 1110/1685/1393 993/1586/1342
f 990/1507/1308 993/1508/1308 1110/1686/1394
f 1110/1686/1394 1109/1687/1394 990/1507/1308
f 963/1688/1340 962/1482/1289 1069/1608/1337
f 1069/1608/1337 1111/1689/1395 963/1688/1396
f 1060/1599/1351 965/1479/1286 964/1690/1397
f 964/1690/1397 1061/1600/1352 1060/1599/1351
f 1070/1609/1356 1059/1598/1350 1062/1601/1353
f 1062/1601/1353 1112/1691/1398 1070/1609/1356
f 989/1692/1399 986/1495/1302 1071/1610/1357
f 1071/1610/1357 1113/1693/1400 989/1692/1401
f 1063/1602/1298 1000/1564/1334 1003/1694/1402
f 1003/1694/1402 1064/1603/1354 1063/1602/1298
f 1002/1695/1399 1001/1563/1302 1072/1611/1357
f 1072/1611/1357 1114/1696/1403 1002/1695/1404
f 1073/1612/1358 1065/1604/1350 1068/1607/1353
f 1068/1607/1353 1115/1697/1398 1073/1612/1358
f 1066/1605/1351 1046/1579/1286 1049/1698/1397
f 1049/1698/1397 1067/1606/1355 1066/1605/1351
f 1111/1689/1395 1069/1608/1337 977/1486/1293
f 977/1486/1293 976/1485/1292 1111/1689/1395
f 974/1483/1290 982/1491/1298 985/1494/1301
f 985/1494/1301 975/1484/1291 974/1483/1290
f 1113/1693/1400 1071/1610/1357 1070/1609/1356
f 1070/1609/1356 1112/1691/1398 1113/1693/1400
f 1114/1696/1403 1072/1611/1357 1073/1612/1358
f 1073/1612/1358 1115/1697/1398 1114/1696/1403
f 960/1467/1278 959/1466/1277 1116/1699/954
f 1116/1699/954 967/1474/1281 960/1467/1278
f 970/1477/1284 966/1473/1280 968/1475/1282
f 968/1475/1282 994/1700/1405 970/1477/1284
f 1117/1701/641 999/1514/1313 998/1513/1312
f 998/1513/1312 1030/1559/1330 1117/1701/641
f 1029/1558/1329 1028/1557/1328 991/1562/1333
f 991/1562/1333 995/1702/1406 1029/1558/1329
f 1051/1590/1346 1054/1593/1346 1078/1703/1407
f 1078/1703/1407 1107/1704/1407 1051/1590/1346
f 1050/1588/1344 1074/1614/1360 1057/1613/1359
f 1057/1613/1359 1056/1705/1408 1050/1588/1344
f 1076/1617/1363 1020/1626/1372 1077/1619/1365
f 1020/1626/1372 1018/1706/1409 1077/1619/1365
f 1018/1706/1409 1016/1707/1410 1077/1619/1365
f 1014/1708/1411 1012/1589/1345 1050/1588/1344
f 1077/1619/1365 1016/1707/1410 1014/1708/1411
f 1014/1708/1411 1050/1588/1344 1077/1619/1365
f 1058/1669/1377 1105/1672/1380 1103/1668/1376
f 1103/1668/1376 1055/1709/1412 1058/1669/1377
f 1096/1682/1390 1106/1674/1382 1108/1676/1384
f 1094/1710/1413 1096/1682/1390 1108/1676/1384
f 1092/1711/1414 1094/1710/1413 1108/1676/1384
f 1088/1667/1375 1090/1712/1415 1103/1668/1376
f 1090/1712/1415 1092/1711/1414 1108/1676/1384
f 1108/1676/1384 1103/1668/1376 1090/1712/1415
f 1118/1713/1416 1119/1714/1416 1120/1715/1417
f 1120/1715/1417 1121/1716/1418 1118/1713/1416
f 1122/1717/1419 1123/1718/1420 1124/1719/1421
f 1125/1720/1416 1126/1721/1416 1127/1722/1422
f 1127/1722/1422 1128/1723/1423 1125/1720/1416
f 1129/1724/1424 1130/1725/1420 1131/1726/1425
f 1132/1727/1416 1133/1728/1416 1134/1729/1426
f 1134/1729/1426 1135/1730/1427 1132/1727/1416
f 1136/1731/1428 1137/1732/1420 1138/1733/1429
f 1139/1734/1430 1140/1735/1416 1141/1736/1416
f 1141/1736/1416 1142/1737/1431 1139/1734/1430
f 1143/1738/1420 1144/1739/1420 1145/1740/1432
f 1145/1740/1432 1146/1741/1433 1143/1738/1420
f 1147/1742/1434 1148/1743/1435 1149/1744/1436
f 1150/1745/1437 1151/1746/1438 1152/1747/1439
f 1152/1747/1439 1153/1748/1440 1150/1745/1437
f 1154/1749/1441 1155/1750/1442 1156/1751/1443
f 1156/1751/1443 1157/1752/1444 1154/1749/1441
f 1158/1753/1445 1159/1754/1435 1160/1755/1446
f 1161/1756/1447 1162/1757/1448 1163/1758/1449
f 1163/1758/1449 1164/1759/1450 1161/1756/1447
f 1165/1760/1451 1166/1761/1435 1167/1762/1452
f 1168/1763/1453 1169/1764/1454 1170/1765/1455
f 1170/1765/1455 1171/1766/1456 1168/1763/1453
f 1172/1767/1457 1173/1768/1435 1174/1769/1458
f 1175/1770/1420 1176/1771/1433 1177/1772/1420
f 1177/1772/1420 1178/1773/1420 1175/1770/1420
f 1179/1774/1459 1180/1775/1460 1181/1776/1461
f 1181/1776/1461 1182/1777/1462 1179/1774/1459
f 1183/1778/1463 1184/1779/1464 1185/1780/1465
f 1185/1780/1465 1186/1781/1466 1183/1778/1463
f 1187/1782/1467 1188/1783/1468 1189/1784/1469
f 1189/1784/1469 1190/1785/1470 1187/1782/1467
f 1191/1786/1463 1192/1787/1471 1193/1788/1472
f 1193/1788/1472 1194/1789/1473 1191/1786/1463
f 1175/1790/1474 1178/1791/1475 1150/1745/1437
f 1150/1745/1437 1153/1748/1440 1175/1790/1474
f 1177/1792/1476 1176/1793/1477 1195/1794/1478
f 1195/1794/1478 1196/1795/1479 1177/1792/1480
f 1197/1796/1481 1175/1790/1474 1153/1748/1440
f 1153/1748/1440 1148/1797/1482 1197/1796/1481
f 1195/1794/1478 1176/1793/1477 1198/1798/1483
f 1199/1799/1484 1200/1800/1485 1201/1801/1486
f 1179/1774/1459 1122/1802/1487 1202/1803/1488
f 1203/1804/1489 1122/1802/1487 1179/1774/1459
f 1179/1774/1459 1182/1777/1462 1203/1804/1490
f 1124/1805/1491 1204/1806/1486 1205/1807/1492
f 1159/1808/1493 1206/1809/1494 1123/1810/1495
f 1123/1810/1495 1157/1752/1444 1159/1808/1493
f 1154/1749/1441 1157/1752/1444 1123/1810/1495
f 1123/1810/1495 1207/1811/1496 1154/1749/1441
f 1129/1812/1497 1208/1813/1498 1183/1778/1463
f 1209/1814/1499 1129/1812/1497 1183/1778/1463
f 1183/1778/1463 1186/1781/1466 1209/1814/1490
f 1131/1815/1500 1210/1816/1501 1211/1817/1502
f 1166/1818/1503 1212/1819/1504 1130/1820/1505
f 1130/1820/1505 1164/1759/1450 1166/1818/1503
f 1161/1756/1447 1164/1759/1450 1130/1820/1505
f 1130/1820/1505 1213/1821/1506 1161/1756/1447
f 1136/1822/1507 1214/1823/1508 1187/1782/1467
f 1215/1824/1509 1136/1822/1507 1187/1782/1467
f 1187/1782/1467 1190/1785/1470 1215/1824/1510
f 1138/1825/1511 1216/1826/1512 1217/1827/1513
f 1173/1828/1514 1218/1829/1515 1137/1830/1516
f 1137/1830/1516 1171/1766/1456 1173/1828/1514
f 1168/1763/1453 1171/1766/1456 1137/1830/1516
f 1137/1830/1516 1219/1831/1517 1168/1763/1453
f 1146/1832/1518 1220/1833/1519 1191/1786/1463
f 1145/1834/1520 1221/1835/1521 1222/1836/1522
f 1120/1837/1523 1119/1838/1524 1181/1776/1461
f 1181/1776/1461 1180/1775/1460 1120/1837/1523
f 1147/1839/1525 1120/1837/1523 1180/1775/1460
f 1152/1747/1439 1121/1840/1526 1149/1841/1527
f 1118/1842/1528 1121/1840/1526 1152/1747/1439
f 1152/1747/1439 1151/1746/1438 1118/1842/1529
f 1156/1751/1443 1128/1843/1530 1160/1844/1531
f 1125/1845/1532 1128/1843/1530 1156/1751/1443
f 1156/1751/1443 1155/1750/1442 1125/1845/1533
f 1127/1846/1534 1126/1847/1535 1185/1780/1465
f 1185/1780/1465 1184/1779/1464 1127/1846/1534
f 1158/1848/1536 1127/1846/1534 1184/1779/1464
f 1163/1758/1449 1135/1849/1537 1167/1850/1538
f 1132/1851/1539 1135/1849/1537 1163/1758/1449
f 1163/1758/1449 1162/1757/1448 1132/1851/1540
f 1134/1852/1541 1133/1853/1542 1189/1784/1469
f 1189/1784/1469 1188/1783/1468 1134/1852/1541
f 1165/1854/1543 1134/1852/1541 1188/1783/1468
f 1170/1765/1455 1139/1855/1544 1174/1856/1545
f 1140/1857/1546 1139/1855/1544 1170/1765/1455
f 1170/1765/1455 1169/1764/1454 1140/1857/1547
f 1192/1787/1471 1142/1858/1548 1141/1859/1549
f 1141/1859/1549 1193/1788/1472 1192/1787/1471
f 1172/1860/1550 1142/1858/1548 1192/1787/1471
f 1175/1790/1474 1197/1796/1481 1201/1801/1486
f 1201/1801/1486 1200/1800/1485 1175/1790/1474
f 1200/1861/1551 1199/1862/1552 1198/1863/1553
f 1198/1863/1553 1176/1771/1433 1200/1861/1551
f 1204/1806/1486 1124/1805/1491 1123/1810/1495
f 1123/1810/1495 1206/1809/1494 1204/1806/1486
f 1202/1864/1554 1122/1717/1419 1124/1719/1421
f 1124/1719/1421 1205/1865/1555 1202/1864/1554
f 1210/1816/1501 1131/1815/1500 1130/1820/1505
f 1130/1820/1505 1212/1819/1504 1210/1816/1501
f 1208/1866/1556 1129/1724/1424 1131/1726/1425
f 1131/1726/1425 1211/1867/1557 1208/1866/1556
f 1216/1826/1512 1138/1825/1511 1137/1830/1516
f 1137/1830/1516 1218/1829/1515 1216/1826/1512
f 1214/1868/1558 1136/1731/1428 1138/1733/1429
f 1138/1733/1429 1217/1869/1559 1214/1868/1558
f 1221/1835/1521 1145/1834/1520 1144/1870/1560
f 1144/1870/1560 1223/1871/1561 1221/1835/1521
f 1220/1872/1562 1146/1741/1433 1145/1740/1432
f 1145/1740/1432 1222/1873/1563 1220/1872/1562
f 1120/1715/1417 1147/1742/1434 1149/1744/1436
f 1149/1744/1436 1121/1716/1418 1120/1715/1417
f 1148/1797/1482 1153/1748/1440 1152/1747/1439
f 1152/1747/1439 1149/1841/1527 1148/1797/1482
f 1127/1722/1422 1158/1753/1445 1160/1755/1446
f 1160/1755/1446 1128/1723/1423 1127/1722/1422
f 1159/1808/1493 1157/1752/1444 1156/1751/1443
f 1156/1751/1443 1160/1844/1531 1159/1808/1493
f 1134/1729/1426 1165/1760/1451 1167/1762/1452
f 1167/1762/1452 1135/1730/1427 1134/1729/1426
f 1166/1818/1503 1164/1759/1450 1163/1758/1449
f 1163/1758/1449 1167/1850/1538 1166/1818/1503
f 1142/1737/1431 1172/1767/1457 1174/1769/1458
f 1174/1769/1458 1139/1734/1430 1142/1737/1431
f 1173/1828/1514 1171/1766/1456 1170/1765/1455
f 1170/1765/1455 1174/1856/1545 1173/1828/1514
f 1194/1789/1473 1143/1874/1564 1146/1832/1518
f 1146/1832/1518 1191/1786/1463 1194/1789/1473
f 1215/1875/1420 1219/1876/1420 1137/1732/1420
f 1137/1732/1420 1136/1731/1428 1215/1875/1420
f 1129/1724/1424 1209/1877/1420 1213/1878/1420
f 1213/1878/1420 1130/1725/1420 1129/1724/1424
f 1122/1717/1419 1203/1879/1420 1207/1880/1420
f 1207/1880/1420 1123/1718/1420 1122/1717/1419
f 1175/1770/1420 1200/1861/1551 1176/1771/1433
f 1183/1778/1463 1224/1881/1565 1225/1882/1566
f 1225/1882/1566 1184/1779/1464 1183/1778/1463
f 1179/1774/1459 1226/1883/1567 1227/1884/1568
f 1227/1884/1568 1180/1775/1460 1179/1774/1459
f 1198/1863/1553 1199/1862/1552 1228/1885/1569
f 1228/1885/1569 1229/1886/1570 1198/1863/1553
f 1148/1743/1435 1147/1742/1434 1230/1887/1571
f 1230/1887/1571 1231/1888/1435 1148/1743/1435
f 1202/1864/1554 1205/1865/1555 1232/1889/1572
f 1232/1889/1572 1233/1890/1573 1202/1864/1554
f 1159/1754/1435 1158/1753/1445 1234/1891/1574
f 1234/1891/1574 1235/1892/1435 1159/1754/1435
f 1211/1867/1557 1236/1893/1575 1237/1894/1576
f 1237/1894/1576 1208/1866/1556 1211/1867/1557
f 1166/1761/1435 1165/1760/1451 1238/1895/1577
f 1238/1895/1577 1239/1896/1435 1166/1761/1435
f 1173/1768/1435 1172/1767/1457 1240/1897/1578
f 1240/1897/1578 1241/1898/1435 1173/1768/1435
f 1221/1835/1521 1223/1871/1561 1242/1899/1579
f 1242/1899/1579 1243/1900/1580 1221/1835/1521
f 1218/1829/1515 1173/1828/1514 1241/1901/1581
f 1241/1901/1581 1244/1902/1582 1218/1829/1515
f 1208/1813/1498 1237/1903/1583 1224/1881/1565
f 1224/1881/1565 1183/1778/1463 1208/1813/1498
f 1197/1796/1481 1148/1797/1482 1231/1904/1584
f 1231/1904/1584 1245/1905/1585 1197/1796/1481
f 1147/1839/1525 1180/1775/1460 1227/1884/1568
f 1227/1884/1568 1230/1906/1586 1147/1839/1525
f 1158/1848/1536 1184/1779/1464 1225/1882/1566
f 1225/1882/1566 1234/1907/1587 1158/1848/1536
f 1222/1836/1522 1221/1835/1521 1243/1900/1580
f 1243/1900/1580 1246/1908/1588 1222/1836/1522
f 1247/1909/1589 1248/1910/1590 1249/1911/1591
f 1249/1911/1591 1250/1912/1589 1247/1909/1589
f 1251/1913/1592 1252/1914/1593 1253/1915/1594
f 1254/1916/1589 1255/1917/1595 1256/1918/1596
f 1256/1918/1597 1257/1919/1589 1254/1916/1589
f 1258/1920/1598 1259/1921/1599 1260/1922/1594
f 1261/1923/1589 1262/1924/1600 1263/1925/1601
f 1263/1925/1601 1264/1926/1589 1261/1923/1589
f 1265/1927/1602 1266/1928/1603 1267/1929/1594
f 1268/1930/1604 1269/1931/1605 1270/1932/1589
f 1270/1932/1589 1271/1933/1589 1268/1930/1604
f 1272/1934/1594 1273/1935/1606 1274/1936/1607
f 1274/1936/1608 1275/1937/1594 1272/1934/1594
f 1230/1887/1571 1276/1938/1609 1231/1888/1435
f 1277/1939/1610 1278/1940/1611 1279/1941/1612
f 1279/1941/1612 1280/1942/1613 1277/1939/1610
f 1281/1943/1614 1282/1944/1615 1283/1945/1616
f 1283/1945/1616 1284/1946/1617 1281/1943/1614
f 1234/1891/1574 1285/1947/1618 1235/1892/1435
f 1286/1948/1619 1287/1949/1620 1288/1950/1621
f 1288/1950/1621 1289/1951/1622 1286/1948/1619
f 1238/1895/1577 1290/1952/1623 1239/1896/1435
f 1291/1953/1624 1292/1954/1625 1293/1955/1626
f 1293/1955/1626 1294/1956/1627 1291/1953/1624
f 1240/1897/1578 1295/1957/1628 1241/1898/1435
f 1296/1958/1594 1297/1959/1594 1298/1960/1594
f 1298/1960/1594 1299/1961/1606 1296/1958/1594
f 1226/1883/1567 1300/1962/1629 1301/1963/1630
f 1301/1963/1630 1227/1884/1568 1226/1883/1567
f 1224/1881/1565 1302/1964/1631 1303/1965/1632
f 1303/1965/1632 1225/1882/1566 1224/1881/1565
f 1304/1966/1633 1305/1967/1634 1306/1968/1635
f 1306/1968/1635 1307/1969/1636 1304/1966/1633
f 1308/1970/1565 1309/1971/1637 1310/1972/1638
f 1310/1972/1638 1311/1973/1639 1308/1970/1565
f 1296/1974/1640 1278/1940/1611 1277/1939/1610
f 1277/1939/1610 1297/1975/1641 1296/1974/1640
f 1298/1976/1642 1312/1977/1643 1313/1978/1644
f 1313/1978/1644 1299/1979/1645 1298/1976/1642
f 1245/1905/1585 1231/1904/1584 1278/1940/1611
f 1278/1940/1611 1296/1974/1640 1245/1905/1585
f 1313/1978/1644 1229/1980/1646 1299/1979/1645
f 1228/1981/1647 1314/1982/1648 1315/1983/1649
f 1226/1883/1567 1233/1984/1650 1251/1985/1651
f 1316/1986/1652 1300/1962/1629 1226/1883/1567
f 1226/1883/1567 1251/1985/1651 1316/1986/1652
f 1252/1987/1653 1232/1988/1654 1317/1989/1655
f 1235/1990/1656 1282/1944/1615 1253/1991/1657
f 1253/1991/1657 1318/1992/1658 1235/1990/1656
f 1281/1943/1614 1319/1993/1659 1253/1991/1657
f 1253/1991/1657 1282/1944/1615 1281/1943/1614
f 1258/1994/1660 1224/1881/1565 1237/1903/1583
f 1320/1995/1661 1302/1964/1631 1224/1881/1565
f 1224/1881/1565 1258/1994/1660 1320/1995/1661
f 1259/1996/1662 1236/1997/1663 1321/1998/1664
f 1239/1999/1665 1287/1949/1620 1260/2000/1666
f 1260/2000/1666 1322/2001/1667 1239/1999/1665
f 1286/1948/1619 1323/2002/1668 1260/2000/1666
f 1260/2000/1666 1287/1949/1620 1286/1948/1619
f 1265/2003/1669 1304/1966/1633 1324/2004/1670
f 1325/2005/1671 1305/1967/1634 1304/1966/1633
f 1304/1966/1633 1265/2003/1669 1325/2005/1671
f 1266/2006/1672 1326/2007/1673 1327/2008/1674
f 1241/1901/1581 1292/1954/1625 1267/2009/1675
f 1267/2009/1675 1244/1902/1582 1241/1901/1581
f 1291/1953/1624 1328/2010/1676 1267/2009/1675
f 1267/2009/1675 1292/1954/1625 1291/1953/1624
f 1273/2011/1677 1308/1970/1565 1329/2012/1678
f 1274/2013/1679 1246/1908/1588 1243/1900/1580
f 1249/2014/1680 1227/1884/1568 1301/1963/1630
f 1301/1963/1630 1250/2015/1681 1249/2014/1680
f 1230/1906/1586 1227/1884/1568 1249/2014/1680
f 1279/1941/1612 1276/2016/1682 1248/2017/1683
f 1247/2018/1684 1280/1942/1613 1279/1941/1612
f 1279/1941/1612 1248/2017/1683 1247/2018/1684
f 1283/1945/1616 1285/2019/1685 1255/2020/1686
f 1254/2021/1687 1284/1946/1617 1283/1945/1616
f 1283/1945/1616 1255/2020/1686 1254/2021/1687
f 1256/2022/1688 1225/1882/1566 1303/1965/1632
f 1303/1965/1632 1257/2023/1689 1256/2022/1688
f 1234/1907/1587 1225/1882/1566 1256/2022/1688
f 1288/1950/1621 1290/2024/1690 1262/2025/1691
f 1261/2026/1692 1289/1951/1622 1288/1950/1621
f 1288/1950/1621 1262/2025/1691 1261/2026/1692
f 1263/2027/1693 1307/1969/1636 1306/1968/1635
f 1306/1968/1635 1264/2028/1694 1263/2027/1693
f 1238/2029/1695 1307/1969/1636 1263/2027/1693
f 1293/1955/1626 1295/2030/1696 1268/2031/1697
f 1271/2032/1698 1294/1956/1627 1293/1955/1626
f 1293/1955/1626 1268/2031/1697 1271/2032/1698
f 1311/1973/1639 1310/1972/1638 1270/2033/1699
f 1270/2033/1699 1269/2034/1700 1311/1973/1639
f 1240/2035/1701 1311/1973/1639 1269/2034/1700
f 1296/1974/1640 1315/1983/1649 1314/1982/1648
f 1314/1982/1648 1245/1905/1585 1296/1974/1640
f 1315/2036/1702 1299/1961/1606 1229/1886/1570
f 1229/1886/1570 1228/1885/1569 1315/2036/1702
f 1317/1989/1655 1318/1992/1658 1253/1991/1657
f 1253/1991/1657 1252/1987/1653 1317/1989/1655
f 1233/1890/1573 1232/1889/1572 1252/1914/1593
f 1252/1914/1593 1251/1913/1592 1233/1890/1573
f 1321/1998/1664 1322/2001/1667 1260/2000/1666
f 1260/2000/1666 1259/1996/1662 1321/1998/1664
f 1237/1894/1576 1236/1893/1575 1259/1921/1599
f 1259/1921/1599 1258/1920/1598 1237/1894/1576
f 1327/2008/1674 1244/1902/1582 1267/2009/1675
f 1267/2009/1675 1266/2006/1672 1327/2008/1674
f 1324/2037/1703 1326/2038/1704 1266/1928/1603
f 1266/1928/1603 1265/1927/1602 1324/2037/1703
f 1243/1900/1580 1242/1899/1579 1275/2039/1705
f 1275/2039/1706 1274/2013/1679 1243/1900/1580
f 1329/2040/1707 1246/2041/1708 1274/1936/1607
f 1274/1936/1607 1273/1935/1606 1329/2040/1707
f 1249/1911/1591 1248/1910/1590 1276/1938/1609
f 1276/1938/1609 1230/1887/1571 1249/1911/1591
f 1231/1904/1584 1276/2016/1682 1279/1941/1612
f 1279/1941/1612 1278/1940/1611 1231/1904/1584
f 1256/1918/1596 1255/1917/1595 1285/1947/1618
f 1285/1947/1618 1234/1891/1574 1256/1918/1596
f 1235/1990/1656 1285/2019/1685 1283/1945/1616
f 1283/1945/1616 1282/1944/1615 1235/1990/1656
f 1263/1925/1601 1262/1924/1600 1290/1952/1623
f 1290/1952/1623 1238/1895/1577 1263/1925/1601
f 1239/1999/1665 1290/2024/1690 1288/1950/1621
f 1288/1950/1621 1287/1949/1620 1239/1999/1665
f 1269/1931/1605 1268/1930/1604 1295/1957/1628
f 1295/1957/1628 1240/1897/1578 1269/1931/1605
f 1241/1901/1581 1295/2030/1696 1293/1955/1626
f 1293/1955/1626 1292/1954/1625 1241/1901/1581
f 1309/1971/1637 1308/1970/1565 1273/2011/1677
f 1273/2011/1677 1272/2042/1709 1309/1971/1637
f 1325/2043/1594 1265/1927/1602 1267/1929/1594
f 1267/1929/1594 1328/2044/1594 1325/2043/1594
f 1258/1920/1598 1260/1922/1594 1323/2045/1594
f 1323/2045/1594 1320/2046/1594 1258/1920/1598
f 1251/1913/1592 1253/1915/1594 1319/2047/1594
f 1319/2047/1594 1316/2048/1594 1251/1913/1592
f 1296/1958/1594 1299/1961/1606 1315/2036/1702
f 1192/1787/1471 1191/1786/1463 1308/1970/1565
f 1308/1970/1565 1311/1973/1639 1192/1787/1471
f 1216/1826/1512 1218/1829/1515 1244/1902/1582
f 1244/1902/1582 1327/2008/1674 1216/1826/1512
f 1188/1783/1468 1187/1782/1467 1304/1966/1633
f 1304/1966/1633 1307/1969/1636 1188/1783/1468
f 1210/1816/1501 1212/1819/1504 1322/2001/1667
f 1322/2001/1667 1321/1998/1664 1210/1816/1501
f 1206/1809/1494 1318/1992/1658 1317/1989/1655
f 1317/1989/1655 1204/1806/1486 1206/1809/1494
f 1201/1801/1486 1197/1796/1481 1245/1905/1585
f 1245/1905/1585 1314/1982/1648 1201/1801/1486
f 1196/1795/1479 1195/1794/1478 1313/1978/1644
f 1313/1978/1644 1312/1977/1643 1196/1795/1479
f 1214/1868/1558 1217/1869/1559 1326/2038/1704
f 1326/2038/1704 1324/2037/1703 1214/1868/1558
f 1220/1872/1562 1222/1873/1563 1246/2041/1708
f 1246/2041/1708 1329/2040/1707 1220/1872/1562
f 1220/1833/1519 1329/2012/1678 1308/1970/1565
f 1308/1970/1565 1191/1786/1463 1220/1833/1519
f 1214/1823/1508 1324/2004/1670 1304/1966/1633
f 1304/1966/1633 1187/1782/1467 1214/1823/1508
f 1166/1818/1503 1239/1999/1665 1322/2001/1667
f 1322/2001/1667 1212/1819/1504 1166/1818/1503
f 1159/1808/1493 1235/1990/1656 1318/1992/1658
f 1318/1992/1658 1206/1809/1494 1159/1808/1493
f 1202/1803/1488 1233/1984/1650 1226/1883/1567
f 1226/1883/1567 1179/1774/1459 1202/1803/1488
f 1201/1801/1486 1314/1982/1648 1228/1981/1647
f 1228/1981/1647 1199/1799/1484 1201/1801/1486
f 1198/1798/1483 1229/1980/1646 1313/1978/1644
f 1313/1978/1644 1195/1794/1478 1198/1798/1483
f 1204/1806/1486 1317/1989/1655 1232/1988/1654
f 1232/1988/1654 1205/1807/1492 1204/1806/1486
f 1210/1816/1501 1321/1998/1664 1236/1997/1663
f 1236/1997/1663 1211/1817/1502 1210/1816/1501
f 1188/1783/1468 1307/1969/1636 1238/2029/1695
f 1238/2029/1695 1165/1854/1543 1188/1783/1468
f 1216/1826/1512 1327/2008/1674 1326/2007/1673
f 1326/2007/1673 1217/1827/1513 1216/1826/1512
f 1192/1787/1471 1311/1973/1639 1240/2035/1701
f 1240/2035/1701 1172/1860/1550 1192/1787/1471
f 1330/2049/1710 1331/2050/1711 1332/2051/1712
f 1332/2051/1712 1333/2052/1713 1330/2049/1710
f 1330/2049/1710 1334/2053/641 1331/2050/1711
f 1335/2054/1714 1336/2055/1715 1332/2051/1712
f 1332/2051/1712 1331/2050/1711 1335/2054/1714
f 1337/2056/1716 1338/2057/1717 1336/2055/1715
f 1336/2055/1715 1335/2054/1714 1337/2056/1716
f 1335/2054/1714 1339/2058/1718 1337/2056/1716
f 1340/2059/1719 1341/2060/1720 1338/2057/1717
f 1338/2057/1717 1337/2056/1716 1340/2059/1719
f 1342/2061/1721 1333/2052/1713 1343/2062/1722
f 1343/2062/1722 1344/2063/1723 1342/2061/1721
f 1344/2063/1723 1343/2062/1722 1345/2064/1724
f 1345/2064/1724 1346/2065/1725 1344/2063/1723
f 1332/2051/1712 1336/2055/1715 1347/2066/1726
f 1347/2066/1726 1348/2067/1727 1332/2051/1712
f 1348/2067/1727 1343/2062/1722 1333/2052/1713
f 1333/2052/1713 1332/2051/1712 1348/2067/1727
f 1349/2068/1728 1350/2069/1729 1351/2070/1730
f 1351/2070/1730 1352/2071/1731 1349/2068/1728
f 1341/2060/1720 1350/2072/1732 1349/2073/1733
f 1349/2073/1733 1353/2074/1734 1341/2060/1720
f 1353/2074/1734 1354/2075/1735 1338/2057/1717
f 1338/2057/1717 1341/2060/1720 1353/2074/1734
f 1340/2059/1719 1355/2076/1736 1350/2072/1732
f 1350/2072/1732 1341/2060/1720 1340/2059/1719
f 1336/2055/1715 1338/2057/1717 1354/2075/1735
f 1354/2075/1735 1347/2066/1726 1336/2055/1715
f 1333/2052/1713 1342/2061/1721 1356/2077/1737
f 1356/2077/1737 1330/2049/1710 1333/2052/1713
f 1331/2050/1711 1339/2058/1718 1335/2054/1714
f 1337/2056/1716 1339/2058/1718 1340/2059/1719
f 1356/2077/1737 1334/2053/641 1330/2049/1710
f 1355/2078/1738 1357/2079/1739 1351/2070/1730
f 1351/2070/1730 1350/2069/1729 1355/2078/1738
f 1343/2062/1722 1348/2067/1727 1358/2080/1740
f 1358/2080/1740 1345/2064/1724 1343/2062/1722
f 1347/2066/1726 1359/2081/1741 1358/2080/1740
f 1358/2080/1740 1348/2067/1727 1347/2066/1726
f 1353/2074/1734 1360/2082/1742 1361/2083/1743
f 1361/2083/1743 1354/2075/1735 1353/2074/1734
f 1349/2073/1733 1362/2084/1744 1360/2082/1742
f 1360/2082/1742 1353/2074/1734 1349/2073/1733
f 1354/2075/1735 1361/2083/1743 1359/2081/1741
f 1359/2081/1741 1347/2066/1726 1354/2075/1735
f 1363/2085/1745 1364/2086/1746 1365/2087/1747
f 1365/2087/1747 1366/2088/1748 1363/2085/1745
f 1365/2087/1747 1367/2089/1749 1368/2090/1750
f 1368/2090/1750 1366/2088/1748 1365/2087/1747
f 1369/2091/1751 1368/2090/1750 1367/2089/1749
f 1367/2089/1749 1370/2092/1752 1369/2091/1751
f 1370/2092/1752 1371/2093/1753 1372/2094/1754
f 1372/2094/1754 1369/2091/1751 1370/2092/1752
f 1369/2091/1751 1372/2094/1754 1373/2095/1755
f 1363/2085/1745 1374/2096/954 1375/2097/1756
f 1345/2064/1724 1364/2086/1746 1376/2098/1757
f 1376/2098/1757 1346/2065/1725 1345/2064/1724
f 1365/2087/1747 1358/2080/1740 1359/2081/1741
f 1359/2081/1741 1367/2089/1749 1365/2087/1747
f 1364/2086/1746 1345/2064/1724 1358/2080/1740
f 1358/2080/1740 1365/2087/1747 1364/2086/1746
f 1377/2099/1758 1378/2100/1759 1379/2101/1760
f 1379/2101/1760 1380/2102/1761 1377/2099/1758
f 1362/2103/1762 1381/2104/1763 1379/2101/1760
f 1379/2101/1760 1378/2100/1759 1362/2103/1762
f 1371/2093/1753 1360/2082/1742 1362/2084/1744
f 1362/2084/1744 1378/2105/1764 1371/2093/1753
f 1378/2105/1764 1377/2106/1765 1372/2094/1754
f 1372/2094/1754 1371/2093/1753 1378/2105/1764
f 1370/2092/1752 1361/2083/1743 1360/2082/1742
f 1360/2082/1742 1371/2093/1753 1370/2092/1752
f 1367/2089/1749 1359/2081/1741 1361/2083/1743
f 1361/2083/1743 1370/2092/1752 1367/2089/1749
f 1376/2098/1757 1364/2086/1746 1363/2085/1745
f 1363/2085/1745 1375/2097/1756 1376/2098/1757
f 1380/2107/1766 1373/2095/1755 1372/2094/1754
f 1372/2094/1754 1377/2106/1765 1380/2107/1766
f 1355/2076/1736 1340/2059/1719 1339/2058/1718
f 1339/2058/1718 1357/2108/1767 1355/2076/1736
f 1362/2103/1762 1349/2068/1728 1352/2071/1731
f 1352/2071/1731 1381/2104/1763 1362/2103/1762
f 1374/2096/954 1366/2088/1748 1373/2095/1755
f 1363/2085/1745 1366/2088/1748 1374/2096/954
f 1368/2090/1750 1369/2091/1751 1373/2095/1755
f 1331/2050/1711 1334/2053/641 1339/2058/1718
f 1366/2088/1748 1368/2090/1750 1373/2095/1755
f 1382/2109/1768 1383/2110/1769 1384/2111/1770
f 1384/2111/1770 1385/2112/1771 1382/2109/1768
f 1386/2113/1772 1387/2114/1773 1382/2109/1768
f 1382/2109/1768 1385/2112/1771 1386/2113/1772
f 1388/2115/1774 1387/2114/1773 1386/2113/1772
f 1386/2113/1772 1389/2116/1775 1388/2115/1774
f 1390/2117/1776 1391/2118/1777 1392/2119/1778
f 1392/2119/1778 1393/2120/1779 1390/2117/1776
f 1390/2117/1776 1393/2120/1779 1388/2115/1774
f 1388/2115/1774 1389/2116/1775 1390/2117/1776
f 1387/2114/1773 1394/2121/1780 1395/2122/1781
f 1395/2122/1781 1382/2109/1768 1387/2114/1773
f 1382/2109/1768 1395/2122/1781 1396/2123/1782
f 1396/2123/1782 1383/2110/1769 1382/2109/1768
f 1397/2124/1783 1398/2125/1784 1383/2110/1769
f 1383/2110/1769 1396/2123/1782 1397/2124/1783
f 1399/2126/1785 1400/2127/1786 1398/2125/1784
f 1398/2125/1784 1397/2124/1783 1399/2126/1785
f 1400/2127/1786 1384/2111/1770 1383/2110/1769
f 1383/2110/1769 1398/2125/1784 1400/2127/1786
f 1392/2119/1778 1401/2128/1787 1402/2129/1788
f 1402/2129/1788 1393/2120/1779 1392/2119/1778
f 1403/2130/1789 1404/2131/1790 1401/2128/1787
f 1401/2128/1787 1392/2119/1778 1403/2130/1789
f 1394/2121/1780 1387/2114/1773 1388/2115/1774
f 1388/2115/1774 1405/2132/1791 1394/2121/1780
f 1406/2133/1792 1385/2112/1771 1384/2111/1770
f 1384/2111/1770 1407/2134/1793 1406/2133/1792
f 1408/2135/1794 1386/2113/1772 1385/2112/1771
f 1385/2112/1771 1406/2133/1792 1408/2135/1794
f 1400/2127/1786 1399/2126/1785 1407/2134/1793
f 1407/2134/1793 1384/2111/1770 1400/2127/1786
f 1386/2113/1772 1408/2135/1794 1409/2136/1795
f 1409/2136/1795 1389/2116/1775 1386/2113/1772
f 1410/2137/1796 1390/2117/1776 1389/2116/1775
f 1389/2116/1775 1409/2136/1795 1410/2137/1796
f 1411/2138/1797 1391/2118/1777 1390/2117/1776
f 1390/2117/1776 1410/2137/1796 1411/2138/1797
f 1412/2139/1798 1413/2140/1799 1391/2118/1777
f 1391/2118/1777 1411/2138/1797 1412/2139/1798
f 1404/2131/1790 1403/2130/1789 1413/2140/1799
f 1413/2140/1799 1412/2139/1798 1404/2131/1790
f 1392/2119/1778 1391/2118/1777 1413/2140/1799
f 1413/2140/1799 1403/2130/1789 1392/2119/1778
f 1393/2120/1779 1402/2129/1788 1405/2132/1791
f 1405/2132/1791 1388/2115/1774 1393/2120/1779
f 1414/2141/1800 1415/2142/1801 1399/2143/1802
f 1399/2143/1802 1397/2144/1803 1414/2141/1800
f 1412/2145/1804 1411/2146/1805 1416/2147/1806
f 1416/2147/1806 1417/2148/1807 1412/2145/1804
f 1418/2149/1808 1419/2150/1809 1402/2151/1810
f 1402/2151/1810 1401/2152/1811 1418/2149/1808
f 1405/2153/1812 1402/2151/1810 1419/2150/1809
f 1419/2150/1809 1420/2154/1813 1405/2153/1812
f 1394/2155/1814 1421/2156/1815 1422/2157/1816
f 1422/2157/1816 1395/2158/1817 1394/2155/1814
f 1394/2155/1814 1405/2153/1812 1420/2154/1813
f 1420/2154/1813 1421/2156/1815 1394/2155/1814
f 1409/2159/1818 1408/2160/1819 1423/2161/1820
f 1423/2161/1820 1424/2162/1821 1409/2159/1818
f 1408/2160/1819 1406/2163/1822 1425/2164/1823
f 1425/2164/1823 1423/2161/1820 1408/2160/1819
f 1401/2152/1811 1404/2165/1824 1426/2166/1825
f 1426/2166/1825 1418/2149/1808 1401/2152/1811
f 1404/2165/1824 1412/2145/1804 1417/2148/1807
f 1417/2148/1807 1426/2166/1825 1404/2165/1824
f 1407/2167/1826 1399/2168/1802 1415/2169/1801
f 1415/2169/1801 1427/2170/1827 1407/2167/1826
f 1397/2144/1803 1396/2171/1828 1428/2172/1829
f 1428/2172/1829 1414/2141/1800 1397/2144/1803
f 1396/2171/1828 1395/2158/1817 1422/2157/1816
f 1422/2157/1816 1428/2172/1829 1396/2171/1828
f 1406/2163/1822 1407/2167/1826 1427/2170/1827
f 1427/2170/1827 1425/2164/1823 1406/2163/1822
f 1410/2173/1830 1409/2159/1818 1424/2162/1821
f 1424/2162/1821 1429/2174/1831 1410/2173/1830
f 1411/2146/1805 1410/2173/1830 1429/2174/1831
f 1429/2174/1831 1416/2147/1806 1411/2146/1805
f 1430/2175/1832 1431/2176/1833 1432/2177/1834
f 1432/2177/1834 1433/2178/1835 1430/2175/1832
f 1434/2179/1836 1435/2180/1837 1436/2181/1838
f 1436/2181/1838 1437/2182/1839 1434/2179/1836
f 1438/2183/1840 1439/2184/1841 1440/2185/1842
f 1440/2185/1842 1441/2186/1843 1438/2183/1840
f 1439/2184/1841 1437/2182/1839 1436/2181/1838
f 1436/2181/1838 1440/2185/1842 1439/2184/1841
f 1441/2186/1843 1433/2178/1835 1432/2177/1834
f 1432/2177/1834 1438/2183/1840 1441/2186/1843
f 1436/2181/1838 1435/2180/1837 1428/2187/1844
f 1428/2187/1844 1422/2188/1845 1436/2181/1838
f 1422/2188/1845 1421/2189/1846 1440/2185/1842
f 1440/2185/1842 1436/2181/1838 1422/2188/1845
f 1435/2180/1837 1434/2179/1836 1442/2190/1847
f 1442/2190/1847 1443/2191/1848 1435/2180/1837
f 1435/2180/1837 1443/2191/1848 1414/2192/1849
f 1414/2192/1849 1428/2187/1844 1435/2180/1837
f 1430/2175/1832 1433/2178/1835 1419/2193/1850
f 1419/2193/1850 1418/2194/1851 1430/2175/1832
f 1444/2195/1852 1430/2175/1832 1418/2194/1851
f 1418/2194/1851 1426/2196/1853 1444/2195/1852
f 1426/2196/1853 1417/2197/1854 1445/2198/1855
f 1445/2198/1855 1444/2195/1852 1426/2196/1853
f 1441/2186/1843 1440/2185/1842 1421/2189/1846
f 1421/2189/1846 1420/2199/1856 1441/2186/1843
f 1425/2200/1857 1437/2182/1839 1439/2184/1841
f 1439/2184/1841 1423/2201/1858 1425/2200/1857
f 1434/2179/1836 1437/2182/1839 1425/2200/1857
f 1425/2200/1857 1427/2202/1859 1434/2179/1836
f 1442/2190/1847 1434/2179/1836 1427/2202/1859
f 1427/2202/1859 1415/2203/1860 1442/2190/1847
f 1415/2203/1860 1414/2192/1849 1443/2191/1848
f 1443/2191/1848 1442/2190/1847 1415/2203/1860
f 1439/2184/1841 1438/2183/1840 1424/2204/1861
f 1424/2204/1861 1423/2201/1858 1439/2184/1841
f 1438/2183/1840 1432/2177/1834 1429/2205/1862
f 1429/2205/1862 1424/2204/1861 1438/2183/1840
f 1416/2206/1863 1429/2205/1862 1432/2177/1834
f 1432/2177/1834 1431/2176/1833 1416/2206/1863
f 1431/2176/1833 1430/2175/1832 1444/2195/1852
f 1444/2195/1852 1445/2198/1855 1431/2176/1833
f 1431/2176/1833 1445/2198/1855 1417/2197/1854
f 1417/2197/1854 1416/2206/1863 1431/2176/1833
f 1433/2178/1835 1441/2186/1843 1420/2199/1856
f 1420/2199/1856 1419/2193/1850 1433/2178/1835
